SALE TYPE,SOLD DATE,PROPERTY TYPE,ADDRESS,CITY,STATE OR PROVINCE,ZIP OR POSTAL CODE,PRICE,BEDS,BATHS,LOCATION,SQUARE FEET,LOT SIZE,YEAR BUILT,DAYS ON MARKET,$/SQUARE FEET,HOA/MONTH,STATUS,NEXT OPEN HOUSE START TIME,NEXT OPEN HOUSE END TIME,URL (SEE http://www.redfin.com/buy-a-home/comparative-market-analysis FOR INFO ON PRICING),SOURCE,MLS#,FAVORITE,INTERESTED,LATITUDE,LONGITUDE
PAST SALE,,Condo/Co-op,118 Borrego,Irvine,CA,92618,501500,,,,,,,,,,,,,http://www.redfin.com/CA/Irvine/118-Borrego-92618/home/52530546,,,N,Y,33.6981987,-117.7155561
PAST SALE,June-21-2012,Single Family Residential,240 GREENMOOR,Irvine,CA,92614,635000,4,3.0,WB - Woodbridge,1900,3570,1984,2830,334,82,Sold,,,http://www.redfin.com/CA/Irvine/240-Greenmoor-92614/home/4697659,CRMLS,S695258,N,Y,33.6671242,-117.7987881
PAST SALE,June-7-2019,Condo/Co-op,3406 Watermarke Pl,Irvine,CA,92612,631000,2,2.0,UT - University Town Center,1137,,2004,288,555,377,Sold,,,http://www.redfin.com/CA/Irvine/3406-Watermarke-Pl-92612/home/5980544,CRMLS,OC19086222,N,Y,33.6661396,-117.8507503
PAST SALE,September-13-2017,Condo/Co-op,34 Full Moon,Irvine,CA,92618,489900,1,1.5,PS - Portola Springs,1220,,2010,920,402,324,Sold,,,http://www.redfin.com/CA/Irvine/34-Full-Moon-92618/home/40102637,CRMLS,OC17178833,N,Y,33.6952465,-117.7189038
PAST SALE,December-26-2019,Townhouse,72 Jade Flower,Irvine,CA,92620,750000,3,3.0,CV - Cypress Village,1619,1800,2015,86,463,335,Sold,,,http://www.redfin.com/CA/Irvine/72-Jade-Flower-92620/home/112722244,CRMLS,OC19249450,N,Y,33.680878,-117.7580605
PAST SALE,June-27-2018,Townhouse,2694 Dietrich Dr,Tustin,CA,92782,560000,2,2.0,89 - Tustin Ranch,1233,,1994,633,454,324,Sold,,,http://www.redfin.com/CA/Tustin/2694-Dietrich-Dr-92782/home/5628669,CRMLS,OC18110871,N,Y,33.756072,-117.766309
PAST SALE,November-13-2015,Townhouse,366 Fallingstar,Irvine,CA,92614,511000,2,2.5,WB - Woodbridge,1176,4356000,1984,1590,435,304,Sold,,,http://www.redfin.com/CA/Irvine/366-Fallingstar-92614/unit-64/home/5668069,CRMLS,OC15199978,N,Y,33.6686787,-117.7956759
PAST SALE,April-3-2018,Single Family Residential,24 Desert Willow,Irvine,CA,92606,1212000,4,3.5,CG - Columbus Grove,2878,5189,2005,718,421,160,Sold,,,http://www.redfin.com/CA/Irvine/24-Desert-Willow-92606/home/7202328,CRMLS,OC18024553,N,Y,33.6917696,-117.81555
PAST SALE,September-20-2016,Single Family Residential,14 Deer Spg,Irvine,CA,92604,999000,4,2.5,EC - El Camino Real,2564,5185,1976,1278,390,65,Sold,,,http://www.redfin.com/CA/Irvine/14-Deer-Spg-92604/home/4683444,CRMLS,OC16160082,N,Y,33.6937887,-117.7928995
PAST SALE,January-8-2019,Condo/Co-op,225 Springview,Irvine,CA,92620,355000,1,1.0,NW - Northwood,639,,1977,438,556,295,Sold,,,http://www.redfin.com/CA/Irvine/225-Springview-92620/home/5493514,CRMLS,OC18241366,N,Y,33.7140277,-117.7584347
PAST SALE,February-14-2014,Single Family Residential,34 Marblehead,Irvine,CA,92620,950000,4,2.75,WD - Woodbury,2156,3433,2010,2227,441,110,Sold,,,http://www.redfin.com/CA/Irvine/34-Marblehead-92620/home/28931919,CRMLS,OC13212470,N,Y,33.6980024,-117.7564641
PAST SALE,August-20-2019,Condo/Co-op,186 Streamwood,Irvine,CA,92620,306000,1,1.0,NW - Northwood,633,,1977,214,483,295,Sold,,,http://www.redfin.com/CA/Irvine/186-Streamwood-92620/home/5492865,CRMLS,OC19138464,N,Y,33.7134299,-117.7586793
PAST SALE,June-21-2018,Condo/Co-op,614 Silk Tree,Irvine,CA,92606,699888,3,3.5,CG - Columbus Grove,1669,,2007,639,419,399,Sold,,,http://www.redfin.com/CA/Irvine/614-Silk-Tree-92606/home/12253381,CRMLS,OC18093396,N,Y,33.6919338,-117.8192123
PAST SALE,September-8-2017,Condo/Co-op,70 Timber #44,Irvine,CA,92614,595000,3,2.0,WB - Woodbridge,1114,,1980,925,534,361,Sold,,,http://www.redfin.com/CA/Irvine/70-Timber-Run-92614/unit-44/home/5575860,CRMLS,OC17157796,N,Y,33.6743079,-117.8159804
PAST SALE,August-28-2018,Condo/Co-op,62 Windjammer #30,Irvine,CA,92614,480388,2,2.0,WB - Woodbridge,970,1000,1980,571,495,398,Sold,,,http://www.redfin.com/CA/Irvine/62-Windjammer-92614/unit-30/home/5590947,CRMLS,OC18150747,N,Y,33.6778474,-117.8136346
PAST SALE,May-11-2018,Condo/Co-op,2206 Apricot Dr #2206,Irvine,CA,92618,475000,2,2.0,OT - Orangetree,1000,,1979,680,475,441,Sold,,,http://www.redfin.com/CA/Irvine/2206-Apricot-Dr-92618/unit-2206/home/5259653,CRMLS,OC18070181,N,Y,33.669467039,-117.7744408
PAST SALE,,Condo/Co-op,123 Neptune,Irvine,CA,92618,700000,3,3.0,,2038,,,,343,,,,,http://www.redfin.com/CA/Irvine/123-Neptune-92618/home/143910134,,,N,Y,33.698790433,-117.7324954
PAST SALE,June-28-2018,Townhouse,20 Palmieri Aisle,Irvine,CA,92606,590000,2,2.5,WP - Westpark,1347,,1993,632,438,409,Sold,,,http://www.redfin.com/CA/Irvine/20-Palmieri-Aisle-92606/home/5590537,CRMLS,OC18125198,N,Y,33.686967,-117.8194641
PAST SALE,June-21-2019,Townhouse,96 Townsend,Irvine,CA,92620,799000,3,3.0,WD - Woodbury,2026,,2004,274,394,325,Sold,,,http://www.redfin.com/CA/Irvine/96-Townsend-92620/home/17473982,CRMLS,OC19073863,N,Y,33.7016912,-117.7483128
PAST SALE,December-2-2019,Condo/Co-op,143 Full Sun,Irvine,CA,92618,780000,3,3.0,CV - Cypress Village,1606,,2017,110,486,362,Sold,,,http://www.redfin.com/CA/Irvine/143-Full-Sun-92618/home/169485929,CRMLS,OC19177372,N,Y,33.6818591,-117.7450818
PAST SALE,August-22-2013,Single Family Residential,21 Acacia Tree Ln,Irvine,CA,92612,786000,3,2.5,UP - University Park,2284,3049,1969,2403,344,229,Sold,,,http://www.redfin.com/CA/Irvine/21-Acacia-Tree-Ln-92612/home/4704566,CRMLS,OC13141072,N,Y,33.6609369,-117.81535
PAST SALE,June-6-2014,Single Family Residential,25 Seedling,Irvine,CA,92618,775000,3,2.5,PS - Portola Springs,1871,3485,2012,2115,414,134,Sold,,,http://www.redfin.com/CA/Irvine/25-Seedling-92618/home/45378187,CRMLS,OC14046851,N,Y,33.7042623,-117.7263643
PAST SALE,April-18-2019,Condo/Co-op,174 Rose Arch,Irvine,CA,92620,629000,2,2.0,CV - Cypress Village,1297,,2015,338,485,328,Sold,,,http://www.redfin.com/CA/Irvine/174-Rose-Arch-92620/home/112728123,CRMLS,OC19047951,N,Y,33.6825532,-117.7607869
PAST SALE,October-8-2019,Single Family Residential,4371 Bermuda Cir,Irvine,CA,92604,780000,2,2.0,EC - El Camino Real,1192,7800,1971,165,654,65,Sold,,,http://www.redfin.com/CA/Irvine/4371-Bermuda-Cir-92604/home/4666055,CRMLS,OC19156396,N,Y,33.7010749,-117.7829406
PAST SALE,May-18-2018,Condo/Co-op,162 Follyhatch,Irvine,CA,92618,820000,3,2.0,GP - Great Park,2076,,2017,673,395,395,Sold,,,http://www.redfin.com/CA/Irvine/162-Follyhatch-92618/home/145304905,CRMLS,OC18083292,N,Y,33.6894368,-117.7372621
PAST SALE,August-2-2018,Condo/Co-op,64 Overbrook,Irvine,CA,92620,566000,1,1.5,STG - Stonegate,1129,,2013,597,501,310,Sold,,,http://www.redfin.com/CA/Irvine/64-Overbrook-92620/home/58555574,CRMLS,OC18141717,N,Y,33.705173,-117.7470756
PAST SALE,September-19-2019,Single Family Residential,106 Orchard,Irvine,CA,92618,710000,3,2.0,OT - Orangetree,1445,2988,1977,184,491,176,Sold,,,http://www.redfin.com/CA/Irvine/106-Orchard-92618/home/4746195,CRMLS,OC19162685,N,Y,33.6709162,-117.7705029
PAST SALE,January-4-2017,Condo/Co-op,181 Oval Rd,Irvine,CA,92604,445000,2,2.0,EC - El Camino Real,1048,,1972,1172,425,325,Sold,,,http://www.redfin.com/CA/Irvine/181-Oval-Rd-92604/unit-1/home/5345057,CRMLS,OC16749465,N,Y,33.6924385,-117.7734936
PAST SALE,March-26-2012,Condo/Co-op,107 ALHAMBRA #38,Irvine,CA,92620,470000,3,2.5,WD - Woodbury,1285,,2006,2917,366,203,Sold,,,http://www.redfin.com/CA/Irvine/107-Alhambra-92620/unit-38/home/12252723,CRMLS,S681844,N,Y,33.6964987,-117.7529744
PAST SALE,August-29-2016,Condo/Co-op,19 Edgestone #133,Irvine,CA,92606,620000,3,2.0,WN - Walnut (Irvine),1096,,1984,1300,566,250,Sold,,,http://www.redfin.com/CA/Irvine/19-Edgestone-92606/unit-133/home/5201835,CRMLS,OC16164852,N,Y,33.6992947,-117.7970477
PAST SALE,September-17-2015,Townhouse,2953 BALLESTEROS Ln,Tustin,CA,92782,515000,3,2.25,89 - Tustin Ranch,1370,1370,1993,1647,376,360,Sold,,,http://www.redfin.com/CA/Tustin/2953-Ballesteros-Ln-92782/home/5430611,CRMLS,OC15161863,N,Y,33.7347741,-117.7819077
PAST SALE,November-9-2017,Condo/Co-op,3 Crivelli Aisle,Irvine,CA,92606,563000,2,2.0,WP - Westpark,1377,,1994,863,409,409,Sold,,,http://www.redfin.com/CA/Irvine/3-Crivelli-Aisle-92606/home/5589946,CRMLS,OC17228911,N,Y,33.6868749,-117.8181556
PAST SALE,May-2-2019,Condo/Co-op,7 Denver #83,Irvine,CA,92604,530000,2,2.5,EC - El Camino Real,1069,,1977,324,496,235,Sold,,,http://www.redfin.com/CA/Irvine/7-Denver-92604/unit-83/home/5473851,CRMLS,OC19052147,N,Y,33.6981715,-117.7756782
PAST SALE,May-17-2019,Condo/Co-op,3 Misty Run,Irvine,CA,92614,808888,4,3.0,WB - Woodbridge,1843,,1981,309,439,396,Sold,,,http://www.redfin.com/CA/Irvine/3-Misty-Run-92614/unit-131/home/5641733,CRMLS,OC19088620,N,Y,33.667783,-117.811549
PAST SALE,July-25-2018,Condo/Co-op,59 Bell Chime,Irvine,CA,92618,740000,3,2.5,PS - Portola Springs,1600,,2006,605,463,211,Sold,,,http://www.redfin.com/CA/Irvine/59-Bell-Chime-92618/home/12256424,CRMLS,OC18068718,N,Y,33.6974097,-117.7179376
PAST SALE,December-2-2019,Condo/Co-op,22196 Caminito Arroyo Seco #88,Laguna Hills,CA,92653,476975,3,2.0,S2 - Laguna Hills,1368,,1981,110,349,420,Sold,,,http://www.redfin.com/CA/Laguna-Hills/22196-Caminito-Arroyo-Seco-92653/unit-88/home/5634461,CRMLS,OC19207745,N,Y,33.6255037,-117.741462
PAST SALE,July-17-2018,Single Family Residential,3812 Scottsdale Dr,Irvine,CA,92606,1000000,4,2.5,WN - Walnut (Irvine),2300,5000,1973,613,435,62,Sold,,,http://www.redfin.com/CA/Irvine/3812-Scottsdale-Dr-92606/home/4672477,CRMLS,OC18149441,N,Y,33.7096011,-117.7869713
PAST SALE,February-24-2017,Townhouse,1 Clover #27,Irvine,CA,92604,610000,2,2.0,WB - Woodbridge,1120,,1976,1121,545,413,Sold,,,http://www.redfin.com/CA/Irvine/1-Clover-92604/unit-27/home/141507802,CRMLS,OC17001591,N,Y,33.681871,-117.8004159
PAST SALE,August-7-2014,Condo/Co-op,402 Silk Tree,Irvine,CA,92606,475000,2,2.25,CG - Columbus Grove,1209,,2007,2053,393,399,Sold,,,http://www.redfin.com/CA/Irvine/402-Silk-Tree-92606/home/17473976,CRMLS,OC14130363,N,Y,33.6920947,-117.8187085
PAST SALE,July-23-2018,Condo/Co-op,79 Bay Laurel,Irvine,CA,92618,730000,3,3.5,CV - Cypress Village,1541,,2016,607,474,331,Sold,,,http://www.redfin.com/CA/Irvine/79-Bay-Laurel-92618/home/108509711,CRMLS,OC18138723,N,Y,33.6823936,-117.7571237
PAST SALE,May-9-2018,Townhouse,2908 Player Ln,Tustin,CA,92782,692500,4,2.5,89 - Tustin Ranch,1865,,1998,682,371,329,Sold,,,http://www.redfin.com/CA/Tustin/2908-Player-Ln-92782/home/5431195,CRMLS,OC18046514,N,Y,33.7355755,-117.7820413
PAST SALE,April-5-2017,Condo/Co-op,70 Elksford Ave,Irvine,CA,92604,460000,2,2.0,EC - El Camino Real,1048,,1972,1081,439,335,Sold,,,http://www.redfin.com/CA/Irvine/70-Elksford-Ave-92604/unit-1/home/5345008,CRMLS,OC17048091,N,Y,33.6924385,-117.7734936
PAST SALE,January-10-2020,Single Family Residential,4791 Karen Ann Ln,Irvine,CA,92604,855000,4,2.0,EC - El Camino Real,1752,5599,1971,71,488,,Sold,,,http://www.redfin.com/CA/Irvine/4791-Karen-Ann-Ln-92604/home/4666294,CRMLS,OC19272444,N,Y,33.696007,-117.7782686
PAST SALE,March-1-2018,Single Family Residential,7 Delano,Irvine,CA,92602,1378000,5,5.0,NK - Northpark,3614,5000,2003,751,381,110,Sold,,,http://www.redfin.com/CA/Irvine/7-Delano-92602/home/5859356,CRMLS,OC17177325,N,Y,33.7218313,-117.7729551
PAST SALE,June-28-2019,Townhouse,11 Cattail #6,Irvine,CA,92604,656000,3,2.5,EC - El Camino Real,1561,1742,1978,267,420,428,Sold,,,http://www.redfin.com/CA/Irvine/11-Cattail-92604/unit-6/home/5444090,CRMLS,OC19113136,N,Y,33.6941181,-117.7875383
PAST SALE,June-26-2019,Condo/Co-op,39 Splendor,Irvine,CA,92618,930000,4,3.0,WD - Woodbury,1904,,2010,269,488,134,Sold,,,http://www.redfin.com/CA/Irvine/39-Splendor-92618/home/28932553,CRMLS,OC19093467,N,Y,33.6900069,-117.7449195
PAST SALE,May-22-2018,Single Family Residential,3651 Claremont St,Irvine,CA,92614,830000,4,2.5,WP - Westpark,1783,5100,1969,669,466,75,Sold,,,http://www.redfin.com/CA/Irvine/3651-Claremont-St-92614/home/4656155,CRMLS,OC18063549,N,Y,33.6724259,-117.8278229
PAST SALE,February-21-2019,Single Family Residential,3861 Blackthorn St,Irvine,CA,92606,975000,4,2.5,WN - Walnut (Irvine),2621,5400,1972,394,372,50,Sold,,,http://www.redfin.com/CA/Irvine/3861-Blackthorn-St-92606/home/4674161,CRMLS,OC18285953,N,Y,33.7011072,-117.7943792
PAST SALE,May-10-2017,Condo/Co-op,249 Lockford,Irvine,CA,92602,672000,3,2.0,NK - Northpark,1893,,2003,1046,355,346,Sold,,,http://www.redfin.com/CA/Irvine/249-Lockford-92602/home/5920162,CRMLS,OC17066697,N,Y,33.7361756,-117.7667728
PAST SALE,August-13-2019,Single Family Residential,32 Honeyrose,Irvine,CA,92620,1100000,3,2.5,WD - Woodbury,2364,3520,2009,221,465,125,Sold,,,http://www.redfin.com/CA/Irvine/32-Honeyrose-92620/home/7203437,CRMLS,OC19161558,N,Y,33.6885543,-117.7480806
PAST SALE,May-25-2018,Condo/Co-op,14 Windjammer #6,Irvine,CA,92614,499990,2,2.0,WB - Woodbridge,1000,,1980,666,500,394,Sold,,,http://www.redfin.com/CA/Irvine/14-Windjammer-92614/unit-6/home/5590820,CRMLS,OC18096710,N,Y,33.6778474,-117.8136346
PAST SALE,February-8-2019,Townhouse,166 Fixie,Irvine,CA,92618,756000,3,3.5,GP - Great Park,2075,,2017,407,364,408,Sold,,,http://www.redfin.com/CA/Irvine/166-Fixie-92618/home/146415952,CRMLS,OC18273005,N,Y,33.6902498,-117.7341505
PAST SALE,August-17-2018,Condo/Co-op,100 Alicante Aisle #142,Irvine,CA,92614,505000,2,2.0,WP - Westpark,871,,1988,582,580,289,Sold,,,http://www.redfin.com/CA/Irvine/100-Alicante-Aisle-92614/unit-142/home/5587940,CRMLS,OC18173476,N,Y,33.6853274,-117.8284151
PAST SALE,April-20-2016,Condo/Co-op,94 Costa Brava,Irvine,CA,92620,681000,3,3.5,WD - Woodbury,1774,,2010,1431,384,305,Sold,,,http://www.redfin.com/CA/Irvine/94-Costa-Brava-92620/home/40103499,CRMLS,OC16034513,N,Y,33.6987703,-117.7453532
PAST SALE,December-29-2015,Condo/Co-op,67 Oxford,Irvine,CA,92612,427900,2,1.0,UT - University Town Center,948,,1981,1544,451,281,Sold,,,http://www.redfin.com/CA/Irvine/67-Oxford-92612/unit-8/home/5678143,CRMLS,OC15235299,N,Y,33.6512501,-117.8275413
PAST SALE,May-30-2018,Condo/Co-op,194 Capricorn,Irvine,CA,92618,640000,2,2.0,PS - Portola Springs,1178,,2015,661,543,329,Sold,,,http://www.redfin.com/CA/Irvine/194-Capricorn-92618/home/112728062,CRMLS,OC18077079,N,Y,33.7001825,-117.7309671
PAST SALE,November-20-2019,Condo/Co-op,5056 Avenida Del Sol,Laguna Woods,CA,92637,757500,2,2.0,LW - Laguna Woods,1304,,1973,122,581,620,Sold,,,http://www.redfin.com/CA/Laguna-Woods/5056-Avenida-Del-Sol-92637/home/5361404,CRMLS,OC19179828,N,Y,33.6178003,-117.7474393
PAST SALE,September-28-2017,Condo/Co-op,104 Sarabande,Irvine,CA,92620,619900,2,2.5,WD - Woodbury,1364,1000,2006,905,454,285,Sold,,,http://www.redfin.com/CA/Irvine/104-Sarabande-92620/home/12257227,CRMLS,OC17199238,N,Y,33.6958766,-117.7520525
PAST SALE,August-25-2014,Condo/Co-op,23 Carnation,Irvine,CA,92618,615000,3,3.0,OC - Oak Creek,1525,1000,2001,2035,403,312,Sold,,,http://www.redfin.com/CA/Irvine/23-Carnation-92618/home/5841650,CRMLS,OC14122791,N,Y,33.6641689,-117.7879045
PAST SALE,July-10-2013,Single Family Residential,7 Buchanan,Irvine,CA,92620,720000,3,2.0,NW - Northwood,1538,4792,1985,2446,468,75,Sold,,,http://www.redfin.com/CA/Irvine/7-Buchanan-92620/home/4783332,CRMLS,OC13113204,N,Y,33.7074374,-117.776247
PAST SALE,August-30-2018,Condo/Co-op,88 Bronze Leaf,Irvine,CA,92620,600000,2,2.5,CV - Cypress Village,1172,,2015,569,512,331,Sold,,,http://www.redfin.com/CA/Irvine/88-Bronze-Leaf-92620/home/112722216,CRMLS,OC18174921,N,Y,33.6816719,-117.7551814
PAST SALE,May-4-2016,Condo/Co-op,85 Waterman,Irvine,CA,92602,589000,2,2.5,WI - West Irvine,1220,,2002,1417,483,182,Sold,,,http://www.redfin.com/CA/Irvine/85-Waterman-92602/home/5916988,CRMLS,OC16061557,N,Y,33.7323035,-117.7769603
PAST SALE,February-24-2014,Single Family Residential,7 Prosa,Irvine,CA,92620,810000,3,2.5,NW - Northwood,1915,4356,1979,2217,423,85,Sold,,,http://www.redfin.com/CA/Irvine/7-Prosa-92620/home/4786076,CRMLS,OC14011321,N,Y,33.7160765,-117.7556103
PAST SALE,August-11-2011,Condo/Co-op,7 SUMMER BREEZE,Irvine,CA,92603,500000,3,2.5,TR - Turtle Rock,1740,,1981,3145,287,300,Sold,,,http://www.redfin.com/CA/Irvine/7-Summer-Breeze-92603/unit-48/home/5618864,CRMLS,S643939,N,Y,33.6331172,-117.7982284
PAST SALE,June-19-2018,Condo/Co-op,2960 Champion Way #1010,Tustin,CA,92782,375000,1,1.0,89 - Tustin Ranch,791,,1992,641,474,325,Sold,,,http://www.redfin.com/CA/Tustin/2960-Champion-Way-92782/unit-1010/home/5622375,CRMLS,OC18058505,N,Y,33.7401909,-117.7766827
PAST SALE,May-28-2019,Condo/Co-op,17 Springwater #63,Irvine,CA,92604,760000,3,2.5,WB - Woodbridge,1653,,1980,298,460,328,Sold,,,http://www.redfin.com/CA/Irvine/17-Springwater-92604/unit-63/home/5626804,CRMLS,OC19033624,N,Y,33.6775639,-117.7952926
PAST SALE,June-9-2015,Single Family Residential,32 Daphne,Irvine,CA,92606,945000,3,2.5,CG - Columbus Grove,2400,3672,2008,1747,394,160,Sold,,,http://www.redfin.com/CA/Irvine/32-Daphne-92606/home/7212996,CRMLS,OC15093943,N,Y,33.6935551,-117.8179772
PAST SALE,July-2-2019,Single Family Residential,3581 Myrtle St,Irvine,CA,92606,975000,4,3.0,WN - Walnut (Irvine),2277,5300,1973,263,428,50,Sold,,,http://www.redfin.com/CA/Irvine/3581-Myrtle-St-92606/home/4675297,CRMLS,OC19124213,N,Y,33.7042586,-117.7975057
PAST SALE,June-1-2017,Condo/Co-op,320 Quail Rdg,Irvine,CA,92603,600000,2,2.0,QH - Quail Hill,1532,,2005,1024,392,202,Sold,,,http://www.redfin.com/CA/Irvine/320-Quail-Rdg-92603/home/5982251,CRMLS,OC17074737,N,Y,33.6520491,-117.7731376
PAST SALE,January-14-2016,Condo/Co-op,17 Honeydew,Irvine,CA,92603,890888,3,3.0,QH - Quail Hill,1787,3000,2004,1528,499,160,Sold,,,http://www.redfin.com/CA/Irvine/17-Honeydew-92603/home/5945780,CRMLS,OC15240183,N,Y,33.6470515,-117.7774555
PAST SALE,March-4-2020,Condo/Co-op,52 Marbella Aisle #26,Irvine,CA,92614,563000,2,2.0,WP - Westpark,1083,,1987,17,520,309,Sold,,,http://www.redfin.com/CA/Irvine/52-Marbella-Aisle-92614/unit-26/home/5587340,CRMLS,OC20025310,N,Y,33.6845925,-117.8273248
PAST SALE,February-24-2017,Condo/Co-op,66 White Sage,Irvine,CA,92618,790000,3,2.5,PS - Portola Springs,1937,,2007,1121,408,251,Sold,,,http://www.redfin.com/CA/Irvine/66-White-Sage-92618/home/12256300,CRMLS,OC16740796,N,Y,33.6973013,-117.718346
PAST SALE,September-28-2018,Single Family Residential,4901 Royce Rd,Irvine,CA,92612,1215000,4,3.0,UP - University Park,2275,6300,1975,540,534,158,Sold,,,http://www.redfin.com/CA/Irvine/4901-Royce-Rd-92612/home/4708326,CRMLS,OC18182040,N,Y,33.6591363,-117.8114971
PAST SALE,August-20-2018,Townhouse,121 Roadrunner,Irvine,CA,92603,870000,2,2.0,TRG - Turtle Ridge,1610,,2004,579,540,275,Sold,,,http://www.redfin.com/CA/Irvine/121-Roadrunner-92603/home/5944162,CRMLS,OC18184655,N,Y,33.6257537,-117.8281241
PAST SALE,April-30-2018,Single Family Residential,3671 Provincetown Ave,Irvine,CA,92606,1020000,5,3.0,WN - Walnut (Irvine),2666,5600,1970,691,383,62,Sold,,,http://www.redfin.com/CA/Irvine/3671-Provincetown-Ave-92606/home/4664258,CRMLS,OC18099905,N,Y,33.7091595,-117.7907729
PAST SALE,December-19-2019,Single Family Residential,20 Grant,Irvine,CA,92620,1098888,5,2.5,NW - Northwood,2453,4800,1979,93,448,,Sold,,,http://www.redfin.com/CA/Irvine/20-Grant-92620/home/4778992,CRMLS,OC19204980,N,Y,33.7064192,-117.7692448
PAST SALE,March-19-2020,Condo/Co-op,17 Wildbrook,Irvine,CA,92614,645000,2,2.0,WB - Woodbridge,1491,,1980,2,433,555,Sold,,,http://www.redfin.com/CA/Irvine/17-Wildbrook-92614/home/5618419,CRMLS,OC20044533,N,Y,33.6752055,-117.8138692
PAST SALE,November-15-2019,Condo/Co-op,2111 Apricot Dr #2111,Irvine,CA,92618,432000,2,2.0,699 - Not Defined,1108,1108,1979,127,390,457,Sold,,,http://www.redfin.com/CA/Irvine/2111-Apricot-Dr-92618/unit-2111/home/5259620,CRMLS,OC19195422,N,Y,33.6694403,-117.7751102
PAST SALE,July-12-2019,Townhouse,476 E Yale Loop #17,Irvine,CA,92614,918000,4,3.0,WB - Woodbridge,2371,2614,1984,253,387,467,Sold,,,http://www.redfin.com/CA/Irvine/476-E-Yale-Loop-92614/unit-17/home/5668928,CRMLS,OC19098465,N,Y,33.6671846,-117.8002621
PAST SALE,July-22-2015,Condo/Co-op,19 Trailing Vine,Irvine,CA,92602,569000,3,2.5,NW - Northwood,1500,,2005,1704,379,306,Sold,,,http://www.redfin.com/CA/Irvine/19-Trailing-Vine-92602/home/12253504,CRMLS,OC15085703,N,Y,33.7119574,-117.7810883
PAST SALE,June-11-2018,Condo/Co-op,215 Firefly,Irvine,CA,92618,992500,4,4.0,PS - Portola Springs,2413,,2015,649,411,210,Sold,,,http://www.redfin.com/CA/Irvine/215-Firefly-92618/home/58555820,CRMLS,OC18056478,N,Y,33.6984516,-117.7147926
PAST SALE,January-3-2020,Condo/Co-op,120 Lakepines,Irvine,CA,92620,382500,1,1.0,NW - Northwood,934,764,1978,78,410,375,Sold,,,http://www.redfin.com/CA/Irvine/120-Lakepines-92620/home/4787930,CRMLS,OC19232865,N,Y,33.715636,-117.757897
PAST SALE,August-21-2015,Condo/Co-op,32 Calypso,Irvine,CA,92618,450000,2,1.5,WD - Woodbury,1060,,2011,1674,425,294,Sold,,,http://www.redfin.com/CA/Irvine/32-Calypso-92618/home/40103287,CRMLS,OC15156053,N,Y,33.6927323,-117.7410425
PAST SALE,May-22-2018,Single Family Residential,2 Jefferson,Irvine,CA,92620,674000,2,2.0,NW - Northwood,948,4050,1985,669,711,100,Sold,,,http://www.redfin.com/CA/Irvine/2-Jefferson-92620/home/4782969,CRMLS,OC18083353,N,Y,33.7073001,-117.7740284
PAST SALE,March-26-2019,Condo/Co-op,11025 Alderman Ave,Tustin,CA,92782,540000,2,2.0,89 - Tustin Ranch,1229,,1994,361,439,324,Sold,,,http://www.redfin.com/CA/Tustin/11025-Alderman-Ave-92782/home/5628043,CRMLS,OC19040884,N,Y,33.756072,-117.766309
PAST SALE,June-1-2011,Condo/Co-op,2 PEPPERCORN,Irvine,CA,92603,670000,3,2.5,QH - Quail Hill,1885,2000,2003,3216,355,222,Sold,,,http://www.redfin.com/CA/Irvine/2-Peppercorn-92603/home/5944487,CRMLS,S643288,N,Y,33.646262,-117.7755203
PAST SALE,November-24-2015,Single Family Residential,109 Lakepines,Irvine,CA,92620,315000,1,1.0,NW - Northwood,934,834,1977,1579,337,347,Sold,,,http://www.redfin.com/CA/Irvine/109-Lakepines-92620/home/4787942,CRMLS,OC15216469,N,Y,33.716133,-117.757907
PAST SALE,July-8-2016,Single Family Residential,54 Acorn Gln,Irvine,CA,92620,1220000,4,2.5,CV - Cypress Village,2547,3441,2014,1352,479,135,Sold,,,http://www.redfin.com/CA/Irvine/54-Acorn-Gln-92620/home/58551890,CRMLS,OC16094889,N,Y,33.6888644,-117.7547691
PAST SALE,September-30-2013,Single Family Residential,18 Riveroaks,Irvine,CA,92602,940000,3,2.5,NK - Northpark,2200,5824,2002,2364,427,217,Sold,,,http://www.redfin.com/CA/Irvine/18-Riveroaks-92602/home/5858536,CRMLS,OC13164221,N,Y,33.7210797,-117.7818413
PAST SALE,March-22-2016,Condo/Co-op,28 Bell Chime,Irvine,CA,92618,734000,3,2.5,PS - Portola Springs,2023,,2010,1460,363,251,Sold,,,http://www.redfin.com/CA/Irvine/28-Bell-Chime-92618/home/28933354,CRMLS,OC16028582,N,Y,33.6981297,-117.7195831
PAST SALE,January-4-2019,Townhouse,12 Rainbow Lk,Irvine,CA,92614,925000,3,2.5,WB - Woodbridge,2320,,1985,442,399,361,Sold,,,http://www.redfin.com/CA/Irvine/12-Rainbow-Lk-92614/unit-2/home/5669222,CRMLS,OC18241384,N,Y,33.6682117,-117.8032164
PAST SALE,February-14-2020,Condo/Co-op,22212 Caminito Tasquillo #201,Laguna Hills,CA,92653,537000,3,2.5,S2 - Laguna Hills,1442,,1986,36,372,420,Sold,,,http://www.redfin.com/CA/Laguna-Hills/22212-Caminito-Tasquillo-92653/unit-201/home/5634994,CRMLS,OC20006052,N,Y,33.6255037,-117.741462
PAST SALE,July-25-2016,Condo/Co-op,49 Mission Bell,Irvine,CA,92620,623000,2,2.0,WD - Woodbury,1545,,2013,1335,403,317,Sold,,,http://www.redfin.com/CA/Irvine/49-Mission-Bell-92620/home/58557217,CRMLS,OC16119218,N,Y,33.6971379,-117.7466718
PAST SALE,May-1-2017,Condo/Co-op,97 Rinaldi,Irvine,CA,92620,743878,3,2.5,WD - Woodbury,1971,,2004,1055,377,290,Sold,,,http://www.redfin.com/CA/Irvine/97-Rinaldi-92620/home/12257346,CRMLS,OC17043815,N,Y,33.7000006,-117.7492871
PAST SALE,November-28-2018,Condo/Co-op,72 Full Moon,Irvine,CA,92618,527000,2,1.5,PS - Portola Springs,1076,,2007,479,490,326,Sold,,,http://www.redfin.com/CA/Irvine/72-Full-Moon-92618/home/12253057,CRMLS,OC18248587,N,Y,33.6958599,-117.7184268
PAST SALE,September-11-2018,Condo/Co-op,116 Clearbrook,Irvine,CA,92614,475000,2,2.0,WB - Woodbridge,970,,1980,557,490,401,Sold,,,http://www.redfin.com/CA/Irvine/116-Clearbrook-92614/unit-5/home/5640723,CRMLS,OC18191503,N,Y,33.6667345,-117.8096674
PAST SALE,October-24-2016,Condo/Co-op,194 Kensington,Irvine,CA,92606,788000,4,3.5,WN - Walnut (Irvine),2083,,2001,1244,378,145,Sold,,,http://www.redfin.com/CA/Irvine/194-Kensington-Park-92606/home/5845893,CRMLS,OC16129966,N,Y,33.7064547,-117.8005695
PAST SALE,January-10-2019,Condo/Co-op,121 Calypso,Irvine,CA,92618,665000,2,2.5,WD - Woodbury,1439,,2009,436,462,294,Sold,,,http://www.redfin.com/CA/Irvine/121-Calypso-92618/home/40103248,CRMLS,OC18225904,N,Y,33.6950042,-117.740162
PAST SALE,June-25-2018,Condo/Co-op,10 Magellan Aisle,Irvine,CA,92620,755000,3,3.0,NW - Northwood,1764,,1989,635,428,188,Sold,,,http://www.redfin.com/CA/Irvine/10-Magellan-Aisle-92620/home/5547101,CRMLS,PW18071158,N,Y,33.6970209,-117.767849
PAST SALE,June-6-2017,Single Family Residential,22 Butler St,Irvine,CA,92612,823000,3,2.0,UP - University Park,1684,5712,1967,1019,489,130,Sold,,,http://www.redfin.com/CA/Irvine/22-Butler-St-92612/home/4698857,CRMLS,OC17060408,N,Y,33.6636372,-117.8233809
PAST SALE,July-31-2018,Single Family Residential,17281 Candleberry,Irvine,CA,92612,750000,3,2.0,UP - University Park,1532,4935,1974,599,490,209,Sold,,,http://www.redfin.com/CA/Irvine/17281-Candleberry-92612/home/4710649,CRMLS,OC18106829,N,Y,33.6629829,-117.803392
PAST SALE,June-24-2016,Single Family Residential,14262 Utrillo Dr,Irvine,CA,92606,685000,3,2.0,WN - Walnut (Irvine),1228,5500,1972,1366,558,55,Sold,,,http://www.redfin.com/CA/Irvine/14262-Utrillo-Dr-92606/home/4671848,CRMLS,OC16112532,N,Y,33.709284,-117.7876126
PAST SALE,February-9-2016,Condo/Co-op,1 Costero Aisle #382,Irvine,CA,92614,419999,2,2.0,WP - Westpark,915,,1988,1502,459,280,Sold,,,http://www.redfin.com/CA/Irvine/1-Costero-Aisle-92614/unit-382/home/5588187,CRMLS,OC16002480,N,Y,33.6853274,-117.8284151
PAST SALE,June-15-2017,Condo/Co-op,83 Glen Arbor #132,Irvine,CA,92602,610000,2,2.5,WI - West Irvine,1211,,2001,1010,504,185,Sold,,,http://www.redfin.com/CA/Irvine/83-Glen-Arbor-92602/unit-132/home/5884701,CRMLS,OC17137292,N,Y,33.732337,-117.7759149
PAST SALE,November-20-2017,Single Family Residential,19 Lewis,Irvine,CA,92620,1180000,4,2.5,NW - Northwood,3172,5027,2001,852,372,,Sold,,,http://www.redfin.com/CA/Irvine/19-Lewis-92620/home/4780088,CRMLS,OC17156765,N,Y,33.7030358,-117.7679164
PAST SALE,June-5-2015,Townhouse,631 Springbrook N,Irvine,CA,92614,480000,2,2.0,WB - Woodbridge,1171,1171,1985,1751,410,339,Sold,,,http://www.redfin.com/CA/Irvine/631-Springbrook-N-92614/unit-41/home/5618594,CRMLS,PW15084216,N,Y,33.6690695,-117.7970645
PAST SALE,August-12-2013,Condo/Co-op,1135 Abelia,Irvine,CA,92606,450000,2,2.5,CG - Columbus Grove,1209,1000,2006,2413,372,399,Sold,,,http://www.redfin.com/CA/Irvine/1135-Abelia-92606/home/12255155,CRMLS,OC13085943,N,Y,33.6930372,-117.8193854
PAST SALE,March-5-2018,Condo/Co-op,29 Wild Trl,Irvine,CA,92618,749900,3,2.5,PS - Portola Springs,2035,2500,2011,747,369,298,Sold,,,http://www.redfin.com/CA/Irvine/Cypress-Village-Trl-92618/home/45383365,CRMLS,OC18005621,N,Y,33.706809848,-117.7242267
PAST SALE,March-4-2019,Townhouse,8 Wildflower #21,Irvine,CA,92604,619000,3,2.5,EC - El Camino Real,1464,,1975,383,423,369,Sold,,,http://www.redfin.com/CA/Irvine/8-Wildflower-92604/unit-21/home/5444391,CRMLS,OC18268753,N,Y,33.6941181,-117.7875383
PAST SALE,March-15-2019,Condo/Co-op,38 Concierto,Irvine,CA,92620,651000,2,2.0,WD - Woodbury,1537,,2005,372,424,342,Sold,,,http://www.redfin.com/CA/Irvine/38-Concierto-92620/home/7210783,CRMLS,OC19022055,N,Y,33.6977967,-117.7554687
PAST SALE,June-30-2017,Condo/Co-op,61 Origin,Irvine,CA,92618,710000,3,2.5,PS - Portola Springs,1897,,2014,995,374,329,Sold,,,http://www.redfin.com/CA/Irvine/61-Origin-92618/home/112721317,CRMLS,OC17084331,N,Y,33.7006118,-117.7299499
PAST SALE,October-6-2017,Condo/Co-op,53 Dartmouth #49,Irvine,CA,92612,717000,3,3.0,UT - University Town Center,1524,2000,1981,897,470,285,Sold,,,http://www.redfin.com/CA/Irvine/53-Dartmouth-92612/unit-49/home/5678641,CRMLS,OC17163677,N,Y,33.6512501,-117.8275413
PAST SALE,December-10-2014,Townhouse,115 Liberty St,Tustin,CA,92782,545000,3,3.5,TF - Tustin Field,1935,,2005,1928,282,244,Sold,,,http://www.redfin.com/CA/Tustin/115-Liberty-St-92782/home/5953353,CRMLS,OC14207032,N,Y,33.7047885,-117.8018537
PAST SALE,March-16-2017,Single Family Residential,159 Fieldwood,Irvine,CA,92618,950000,4,3.0,GP - Great Park,2434,4450,2014,1101,390,186,Sold,,,http://www.redfin.com/CA/Irvine/159-Fieldwood-92618/home/58557110,CRMLS,OC17001636,N,Y,33.697454,-117.725099
PAST SALE,October-29-2019,Condo/Co-op,66 Danbury Ln,Irvine,CA,92618,755000,3,2.5,OC - Oak Creek,1353,,1998,144,558,144,Sold,,,http://www.redfin.com/CA/Irvine/66-Danbury-Ln-92618/home/5793520,CRMLS,OC19160230,N,Y,33.6681048,-117.7869005
PAST SALE,November-19-2019,Single Family Residential,4691 Royce Rd,Irvine,CA,92612,840000,3,2.5,UP - University Park,2072,3500,1969,123,405,244,Sold,,,http://www.redfin.com/CA/Irvine/4691-Royce-Rd-92612/home/4704687,CRMLS,OC19244288,N,Y,33.6606332,-117.8161912
PAST SALE,October-27-2016,Single Family Residential,5091 Cinnamon,Irvine,CA,92612,680000,3,2.0,UP - University Park,1398,5628,1974,1241,486,200,Sold,,,http://www.redfin.com/CA/Irvine/5091-Cinnamon-92612/home/4710539,CRMLS,OC16090132,N,Y,33.663722,-117.803877
PAST SALE,January-30-2018,Condo/Co-op,4113 Apricot Dr,Irvine,CA,92618,460000,2,2.0,OT - Orangetree,1000,,1979,781,460,441,Sold,,,http://www.redfin.com/CA/Irvine/4113-Apricot-Dr-92618/unit-4113/home/5259819,CRMLS,OC17273839,N,Y,33.6699968,-117.7755143
PAST SALE,July-30-2015,Condo/Co-op,54 Night Bloom,Irvine,CA,92602,615000,3,2.5,NW - Northwood,1479,2500,2005,1696,416,157,Sold,,,http://www.redfin.com/CA/Irvine/54-Night-Bloom-92602/home/7219122,CRMLS,OC15105271,N,Y,33.7127764,-117.7803756
PAST SALE,June-11-2015,Single Family Residential,27 Sweet Rain,Irvine,CA,92614,765000,3,2.25,WB - Woodbridge,1592,4356,1980,1745,481,137,Sold,,,http://www.redfin.com/CA/Irvine/27-Sweet-Rain-92614/home/4691410,CRMLS,OC15074221,N,Y,33.6777094,-117.8086462
PAST SALE,,Condo/Co-op,617 Newcastle,Irvine,CA,92620,330000,2,2.0,,1291,,,,256,,,,,http://www.redfin.com/CA/Irvine/617-Newcastle-92620/home/5494613,,,N,Y,33.7282534,-117.7622202
PAST SALE,March-1-2019,Condo/Co-op,138 Talmadge,Irvine,CA,92602,680000,3,2.0,NK - Northpark,1688,,2001,386,403,364,Sold,,,http://www.redfin.com/CA/Irvine/138-Talmadge-92602/home/5889769,CRMLS,OC19024993,N,Y,33.7369773,-117.7680424
PAST SALE,October-24-2013,Condo/Co-op,36 Avalon #3,Irvine,CA,92602,650100,3,2.5,NK - Northpark,1600,2000,2002,2340,406,135,Sold,,,http://www.redfin.com/CA/Irvine/36-Avalon-92602/unit-3/home/5888274,CRMLS,OC13164970,N,Y,33.7186477,-117.7753506
PAST SALE,January-8-2018,Condo/Co-op,46 Congress Pl,Irvine,CA,92602,764000,3,2.5,WI - West Irvine,1649,,2001,803,463,192,Sold,,,http://www.redfin.com/CA/Irvine/46-Congress-Pl-92602/home/5894776,CRMLS,OC17254712,N,Y,33.7324172,-117.7775054
PAST SALE,April-26-2017,Condo/Co-op,48 Burlingame,Irvine,CA,92602,618000,2,2.5,NK - Northpark,1534,,2000,1060,403,379,Sold,,,http://www.redfin.com/CA/Irvine/48-Burlingame-92602/home/5794574,CRMLS,OC17059918,N,Y,33.7306351,-117.7724985
PAST SALE,September-24-2012,Condo/Co-op,61 SABLE,Irvine,CA,92618,511000,3,3.25,WD - Woodbury,1782,,2008,2735,287,412,Sold,,,http://www.redfin.com/CA/Irvine/61-Sable-92618/home/25507175,CRMLS,S708820,N,Y,33.691628,-117.7427566
PAST SALE,October-26-2016,Condo/Co-op,47 Remington,Irvine,CA,92620,425000,2,2.0,NW - Northwood,987,,1986,1242,431,280,Sold,,,http://www.redfin.com/CA/Irvine/47-Remington-92620/home/5318363,CRMLS,OC16198668,N,Y,33.699223,-117.7703895
PAST SALE,May-7-2014,Townhouse,33 Christamon S #14,Irvine,CA,92620,540000,3,2.5,NW - Northwood,1373,,1984,2145,393,314,Sold,,,http://www.redfin.com/CA/Irvine/33-Christamon-S-92620/unit-14/home/5488395,CRMLS,OC14066513,N,Y,33.7156053,-117.7613203
PAST SALE,September-2-2015,Condo/Co-op,2960 Champion Way #209,Tustin,CA,92782,420000,2,2.0,89 - Tustin Ranch,1100,,1992,1662,382,274,Sold,,,http://www.redfin.com/CA/Tustin/2960-Champion-Way-92782/unit-209/home/5621865,CRMLS,OC15162061,N,Y,33.7401909,-117.7766827
PAST SALE,October-31-2018,Single Family Residential,122 Bridle Path,Irvine,CA,92602,1450000,4,4.0,OH - Orchard Hills,3258,3760,2014,507,445,279,Sold,,,http://www.redfin.com/CA/Irvine/122-Bridle-Path-92602/home/58551604,CRMLS,OC18169974,N,Y,33.7474866,-117.7618231
PAST SALE,August-10-2016,Condo/Co-op,22 Butterfield #11,Irvine,CA,92604,587000,4,2.5,EC - El Camino Real,1674,,1974,1319,351,345,Sold,,,http://www.redfin.com/CA/Irvine/22-Butterfield-92604/unit-11/home/5420757,CRMLS,OC16117832,N,Y,33.6961597,-117.7918975
PAST SALE,November-14-2016,Single Family Residential,13 Eagle Pt,Irvine,CA,92604,845000,3,2.5,WB - Woodbridge,1538,4512,1979,1223,549,86,Sold,,,http://www.redfin.com/CA/Irvine/13-Eagle-Pt-92604/home/4689965,CRMLS,OC16181898,N,Y,33.6788541,-117.7817039
PAST SALE,June-6-2019,Condo/Co-op,5032 Scholarship,Irvine,CA,92612,580000,1,1.5,AA - Airport Area,1349,,2005,289,430,981,Sold,,,http://www.redfin.com/CA/Irvine/5032-Scholarship-92612/home/12255049,CRMLS,OC19019411,N,Y,33.6666191,-117.8528982
PAST SALE,June-20-2017,Condo/Co-op,45 Greenfield,Irvine,CA,92614,484567,2,2.0,WB - Woodbridge,1159,,1984,1005,418,464,Sold,,,http://www.redfin.com/CA/Irvine/45-Greenfield-92614/unit-52/home/5574563,CRMLS,OC17099434,N,Y,33.6788714,-117.8114251
PAST SALE,April-9-2019,Condo/Co-op,63 Night Bloom,Irvine,CA,92602,799000,3,2.5,NW - Northwood,1678,,2005,347,476,162,Sold,,,http://www.redfin.com/CA/Irvine/63-Night-Bloom-92602/home/7211645,CRMLS,OC19028150,N,Y,33.7127872,-117.7810019
PAST SALE,May-7-2019,Single Family Residential,39 Gables,Irvine,CA,92620,1385000,4,4.0,WD - Woodbury,3145,4350,2010,319,440,120,Sold,,,http://www.redfin.com/CA/Irvine/39-Gables-92620/home/28931299,CRMLS,OC19076727,N,Y,33.6986739,-117.7572658
PAST SALE,August-10-2018,Condo/Co-op,62 Oval Rd #2,Irvine,CA,92604,511000,3,2.0,WN - Walnut (Irvine),1091,,1972,589,468,335,Sold,,,http://www.redfin.com/CA/Irvine/62-Oval-Rd-92604/unit-2/home/5340245,CRMLS,OC18175986,N,Y,33.6941042,-117.7726516
PAST SALE,February-27-2019,Condo/Co-op,4313 Apricot Dr,Irvine,CA,92618,440000,2,2.0,OT - Orangetree,1000,,1979,388,440,441,Sold,,,http://www.redfin.com/CA/Irvine/4313-Apricot-Dr-92618/unit-4313/home/146459911,CRMLS,OC18242615,N,Y,33.6698224,-117.7754367
PAST SALE,July-1-2019,Condo/Co-op,5 Cetinale Aisle,Irvine,CA,92606,730000,3,2.5,WP - Westpark,2339,,1990,264,312,480,Sold,,,http://www.redfin.com/CA/Irvine/5-Cetinale-Aisle-92606/home/5590262,CRMLS,OC19110253,N,Y,33.6862156,-117.8181047
PAST SALE,April-7-2017,Condo/Co-op,68 Dovetail,Irvine,CA,92603,585000,2,2.5,QH - Quail Hill,1484,,2003,1079,394,289,Sold,,,http://www.redfin.com/CA/Irvine/68-Dovetail-92603/home/5947545,CRMLS,OC17053188,N,Y,33.6509214,-117.7770785
PAST SALE,October-16-2015,Single Family Residential,11 Wintersweet Way,Irvine,CA,92612,635000,3,2.0,UP - University Park,1493,3200,1966,1618,425,192,Sold,,,http://www.redfin.com/CA/Irvine/11-Wintersweet-Way-92612/home/4699817,CRMLS,OC15199904,N,Y,33.6635407,-117.8206333
PAST SALE,October-29-2018,Single Family Residential,10 Yellowwood Way,Irvine,CA,92612,845000,3,1.75,UP - University Park,1921,4200,1968,509,440,192,Sold,,,http://www.redfin.com/CA/Irvine/10-Yellowwood-Way-92612/home/4702350,CRMLS,OC18214055,N,Y,33.6582614,-117.8230375
PAST SALE,September-13-2016,Condo/Co-op,11 Rockwood #1,Irvine,CA,92614,415000,2,2.0,WB - Woodbridge,1000,,1980,1285,415,394,Sold,,,http://www.redfin.com/CA/Irvine/11-Rockwood-92614/unit-1/home/5645728,CRMLS,OC16165717,N,Y,33.6693325,-117.8184504
PAST SALE,January-10-2020,Condo/Co-op,4 Blackstone,Irvine,CA,92604,475000,2,1.5,WB - Woodbridge,1110,1000,1977,71,428,340,Sold,,,http://www.redfin.com/CA/Irvine/4-Blackstone-92604/home/4689604,CRMLS,OC19240026,N,Y,33.6913044,-117.7968988
PAST SALE,June-26-2017,Townhouse,274 Borrego,Irvine,CA,92618,575000,2,2.0,PS - Portola Springs,1371,,2014,999,419,353,Sold,,,http://www.redfin.com/CA/Irvine/274-Borrego-92618/unit-88/home/112721887,CRMLS,OC17123036,N,Y,33.6975397,-117.7122588
PAST SALE,April-9-2019,Single Family Residential,7 Le Vanto,Irvine,CA,92606,750000,3,2.5,WP - Westpark,1294,3000,1996,347,580,170,Sold,,,http://www.redfin.com/CA/Irvine/7-Le-Vanto-92606/home/4625125,CRMLS,OC18283425,N,Y,33.691423,-117.8131686
PAST SALE,September-14-2015,Condo/Co-op,23 Tall Oak,Irvine,CA,92603,640000,3,3.5,QH - Quail Hill,1609,,2004,1650,398,192,Sold,,,http://www.redfin.com/CA/Irvine/23-Tall-Oak-92603/home/5979779,CRMLS,OC15110296,N,Y,33.6458026,-117.7734704
PAST SALE,September-27-2019,Townhouse,221 Stanford Ct #133,Irvine,CA,92612,629000,2,1.5,UT - University Town Center,1138,,1985,176,553,330,Sold,,,http://www.redfin.com/CA/Irvine/221-Stanford-Ct-92612/unit-133/home/5680420,CRMLS,OC19187809,N,Y,33.6563687,-117.8403524
PAST SALE,May-28-2018,Townhouse,80 Stanford Ct #40,Irvine,CA,92612,760000,3,3.0,UT - University Town Center,1413,1307,1984,663,538,333,Sold,,,http://www.redfin.com/CA/Irvine/80-Stanford-Ct-92612/unit-40/home/5679515,CRMLS,OC18055655,N,Y,33.6549036,-117.8408433
PAST SALE,July-9-2019,Townhouse,27 Sarena,Irvine,CA,92612,1350000,3,3.0,TR - Turtle Rock,2104,,1987,256,642,498,Sold,,,http://www.redfin.com/CA/Irvine/27-Sarena-92612/unit-38/home/5498257,CRMLS,OC19094077,N,Y,33.643763228,-117.7983458
PAST SALE,February-28-2018,Condo/Co-op,31 Peony,Irvine,CA,92618,810000,3,2.5,WD - Woodbury,1804,,2010,752,449,359,Sold,,,http://www.redfin.com/CA/Irvine/31-Peony-92618/home/40102954,CRMLS,OC18017480,N,Y,33.6875645,-117.7469166
PAST SALE,December-11-2019,Condo/Co-op,65 Firwood #51,Irvine,CA,92604,550000,3,1.25,WB - Woodbridge,1150,1300,1978,101,478,376,Sold,,,http://www.redfin.com/CA/Irvine/65-Firwood-92604/unit-51/home/5505827,CRMLS,OC19249172,N,Y,33.6776186,-117.7917873
PAST SALE,January-31-2014,Condo/Co-op,105 Hallmark,Irvine,CA,92620,449000,2,2.0,WD - Woodbury,1200,,2007,2241,374,330,Sold,,,http://www.redfin.com/CA/Irvine/105-Hallmark-92620/unit-2/home/17467760,CRMLS,OC13222163,N,Y,33.695207,-117.7458589
PAST SALE,March-25-2016,Single Family Residential,55 Bamboo,Irvine,CA,92620,1020000,4,3.0,NW - Northwood,2419,3819,2004,1457,422,130,Sold,,,http://www.redfin.com/CA/Irvine/55-Bamboo-92620/home/5931356,PFAR,316000141,N,Y,33.6987749,-117.7613496
PAST SALE,June-17-2019,Single Family Residential,51 Bennington,Irvine,CA,92620,970000,4,2.5,NW - Northwood,2085,5115,1979,278,465,,Sold,,,http://www.redfin.com/CA/Irvine/51-Bennington-92620/home/4795062,CRMLS,OC19095421,N,Y,33.7076854,-117.761549
PAST SALE,October-30-2019,Single Family Residential,29 Dinuba,Irvine,CA,92602,1120000,4,3.0,NK - Northpark,2201,3308,2000,143,509,189,Sold,,,http://www.redfin.com/CA/Irvine/29-Dinuba-92602/home/5771881,CRMLS,OC19068797,N,Y,33.7261183,-117.7678481
PAST SALE,March-29-2019,Condo/Co-op,45 Abrazo Aisle #166,Irvine,CA,92614,467000,2,2.0,WP - Westpark,871,1000,1987,358,536,292,Sold,,,http://www.redfin.com/CA/Irvine/45-Abrazo-Aisle-92614/unit-166/home/5588082,CRMLS,OC19035303,N,Y,33.6853274,-117.8284151
PAST SALE,May-13-2019,Condo/Co-op,123 Neptune,Irvine,CA,92618,700000,3,3.0,PS - Portola Springs,2038,,2016,313,343,315,Sold,,,http://www.redfin.com/CA/Irvine/123-Neptune-92618/home/161453131,CRMLS,OC19061105,N,Y,33.699152,-117.732061
PAST SALE,August-23-2019,Condo/Co-op,50 Rose Arch #8,Irvine,CA,92620,625000,2,2.0,CV - Cypress Village,1297,,2014,211,482,328,Sold,,,http://www.redfin.com/CA/Irvine/50-Rose-Arch-92620/unit-8/home/112719614,CRMLS,OC19149498,N,Y,33.6843326,-117.7633433
PAST SALE,December-23-2019,Condo/Co-op,27 Thicket #25,Irvine,CA,92614,630000,3,2.0,WB - Woodbridge,1114,1300,1981,89,566,397,Sold,,,http://www.redfin.com/CA/Irvine/27-Thicket-92614/unit-25/home/5641999,CRMLS,OC19265471,N,Y,33.6705025,-117.8117573
PAST SALE,June-13-2018,Condo/Co-op,215 Excursion,Irvine,CA,92618,642000,2,2.0,PS - Portola Springs,1178,,2016,647,545,348,Sold,,,http://www.redfin.com/CA/Irvine/215-Excursion-92618/home/112929306,CRMLS,OC18064540,N,Y,33.688642,-117.7147682
PAST SALE,October-4-2013,Condo/Co-op,206 Marinella Aisle,Irvine,CA,92606,500000,3,2.5,WP - Westpark,1347,,1997,2360,371,210,Sold,,,http://www.redfin.com/CA/Irvine/206-Marinella-Aisle-92606/home/5703638,CRMLS,OC13175150,N,Y,33.6905705,-117.8117959
PAST SALE,June-8-2017,Condo/Co-op,63 Origin,Irvine,CA,92618,655000,2,2.5,PS - Portola Springs,1788,,2014,1017,366,329,Sold,,,http://www.redfin.com/CA/Irvine/Origin-92618/home/62679386,CRMLS,OC17085778,N,Y,33.7002788,-117.7297796
PAST SALE,May-10-2018,Condo/Co-op,210 Borrego,Irvine,CA,92618,659900,2,2.0,PS - Portola Springs,1318,,2013,681,501,241,Sold,,,http://www.redfin.com/CA/Irvine/210-Borrego-92618/home/105726595,CRMLS,OC18089747,N,Y,33.6973208,-117.7141137
PAST SALE,December-4-2017,Single Family Residential,28 Deer Spg,Irvine,CA,92604,1160000,4,1.75,EC - El Camino Real,2808,7200,1974,838,413,62,Sold,,,http://www.redfin.com/CA/Irvine/28-Deer-Spg-92604/home/4683473,CRMLS,OC17229150,N,Y,33.6949522,-117.79292
PAST SALE,October-16-2018,Condo/Co-op,705 Beacon,Irvine,CA,92618,880000,3,2.5,GP - Great Park,1897,,2017,522,464,440,Sold,,,http://www.redfin.com/CA/Irvine/705-Beacon-92618/home/146266551,CRMLS,OC18195140,N,Y,33.6803654,-117.7377494
PAST SALE,August-4-2015,Condo/Co-op,17 Imperial Aisle,Irvine,CA,92606,405000,2,1.5,WP - Westpark,1075,1100,1993,1691,377,324,Sold,,,http://www.redfin.com/CA/Irvine/17-Imperial-Aisle-92606/home/5590317,CRMLS,OC15131981,N,Y,33.6876307,-117.818772
PAST SALE,December-12-2014,Condo/Co-op,2960 Champion Way #1506,Tustin,CA,92782,319000,1,1.0,89 - Tustin Ranch,883,1000,1992,1926,361,274,Sold,,,http://www.redfin.com/CA/Tustin/2960-Champion-Way-92782/unit-1506/home/5622678,CRMLS,OC14232060,N,Y,33.7401909,-117.7766827
PAST SALE,October-25-2017,Condo/Co-op,2678 Dunstan Dr,Tustin,CA,92782,533500,2,2.0,89 - Tustin Ranch,1229,,1993,878,434,306,Sold,,,http://www.redfin.com/CA/Tustin/2678-Dunstan-Dr-92782/home/5628203,CRMLS,OC17217355,N,Y,33.756072,-117.766309
PAST SALE,November-22-2016,Condo/Co-op,6 El Cajon,Irvine,CA,92602,599000,3,2.5,NK - Northpark,1601,,2004,1215,374,381,Sold,,,http://www.redfin.com/CA/Irvine/6-El-Cajon-92602/unit-16/home/5919588,CRMLS,OC16713761,N,Y,33.7341993,-117.7701638
PAST SALE,February-13-2014,Single Family Residential,5 Lassen,Irvine,CA,92612,658000,3,2.5,UP - University Park,1713,3049,1976,2228,384,280,Sold,,,http://www.redfin.com/CA/Irvine/5-Lassen-92612/home/4712754,CRMLS,OC13231647,N,Y,33.6582188,-117.8205646
PAST SALE,,Condo/Co-op,19 E Yale Loop #37,Irvine,CA,92604,665000,3,2.5,,1889,,1977,,352,,,,,http://www.redfin.com/CA/Irvine/19-E-Yale-Loop-92604/unit-37/home/5510056,,,N,Y,33.6841477,-117.7898675
PAST SALE,April-13-2016,Condo/Co-op,2960 Champion Way #503,Tustin,CA,92782,450000,2,2.0,89 - Tustin Ranch,1100,,1993,1438,409,280,Sold,,,http://www.redfin.com/CA/Tustin/2960-Champion-Way-92782/unit-503/home/5622064,CRMLS,OC16045272,N,Y,33.7401909,-117.7766827
PAST SALE,March-24-2017,Condo/Co-op,2960 Champion Way #2705,Tustin,CA,92782,353000,1,1.0,89 - Tustin Ranch,800,,1992,1093,441,290,Sold,,,http://www.redfin.com/CA/Tustin/2960-Champion-Way-92782/unit-2705/home/5623342,CRMLS,OC17045739,N,Y,33.7401909,-117.7766827
PAST SALE,July-26-2013,Single Family Residential,3 Wadsworth,Irvine,CA,92620,715000,3,2.5,NW - Northwood,1504,3485,1986,2430,475,74,Sold,,,http://www.redfin.com/CA/Irvine/3-Wadsworth-92620/home/4784005,CRMLS,OC13106736,N,Y,33.7004981,-117.7700693
PAST SALE,January-9-2018,Condo/Co-op,75 Winding Way,Irvine,CA,92620,740000,3,3.0,WD - Woodbury,1961,1000,2006,802,377,285,Sold,,,http://www.redfin.com/CA/Irvine/75-Winding-Way-92620/home/7210839,CRMLS,OC17271193,N,Y,33.6951985,-117.7522774
PAST SALE,August-26-2015,Condo/Co-op,134 Townsend,Irvine,CA,92620,653000,3,3.0,WD - Woodbury,1878,,2005,1669,348,270,Sold,,,http://www.redfin.com/CA/Irvine/134-Townsend-92620/home/7211750,CRMLS,OC15173727,N,Y,33.7007239,-117.7470183
PAST SALE,December-15-2017,Condo/Co-op,68 Jade Flower,Irvine,CA,92620,595000,2,2.0,CV - Cypress Village,1182,,2015,827,503,331,Sold,,,http://www.redfin.com/CA/Irvine/68-Jade-Flower-92620/home/112722332,CRMLS,OC17261867,N,Y,33.6807807,-117.7576573
PAST SALE,May-28-2019,Condo/Co-op,26 Oval Rd #4,Irvine,CA,92604,424888,2,2.0,EC - El Camino Real,862,,1972,298,493,335,Sold,,,http://www.redfin.com/CA/Irvine/26-Oval-Rd-92604/unit-4/home/5340223,CRMLS,OC19087069,N,Y,33.6941042,-117.7726516
PAST SALE,May-9-2019,Single Family Residential,14442 Majorca Ave,Irvine,CA,92606,870000,4,3.0,WN - Walnut (Irvine),1929,5000,1971,317,451,62,Sold,,,http://www.redfin.com/CA/Irvine/14442-Majorca-Ave-92606/home/4667620,CRMLS,OC19108625,N,Y,33.7069425,-117.789124
PAST SALE,April-21-2017,Condo/Co-op,3 Julian,Irvine,CA,92602,750000,3,2.5,NK - Northpark,1684,,2002,1065,445,128,Sold,,,http://www.redfin.com/CA/Irvine/3-Julian-92602/unit-10/home/5888267,CRMLS,OC17055803,N,Y,33.7186477,-117.7753506
PAST SALE,April-19-2019,Single Family Residential,5101 Yearling Ave,Irvine,CA,92604,957200,4,3.0,EC - El Camino Real,2622,5543,1971,337,365,,Sold,,,http://www.redfin.com/CA/Irvine/5101-Yearling-Ave-92604/home/4665959,CRMLS,OC18286855,N,Y,33.6895329,-117.7777878
PAST SALE,September-28-2018,Condo/Co-op,1 Shade Tree,Irvine,CA,92603,1300000,3,2.5,TRG - Turtle Ridge,2038,,2003,540,638,292,Sold,,,http://www.redfin.com/CA/Irvine/1-Shade-Tree-92603/home/5943358,CRMLS,OC18152565,N,Y,33.630944868,-117.8175399
PAST SALE,February-7-2019,Condo/Co-op,12 Talmont,Newport Coast,CA,92657,980000,2,2.0,N26 - Newport Coast,1652,2000,2004,408,593,493,Sold,,,http://www.redfin.com/CA/Newport-Coast/12-Talmont-92657/home/5981297,CRMLS,OC18250755,N,Y,33.6084293,-117.8081111
PAST SALE,June-19-2019,Condo/Co-op,11 Hollowglen #48,Irvine,CA,92604,500000,2,1.5,WB - Woodbridge,1125,,1978,276,444,466,Sold,,,http://www.redfin.com/CA/Irvine/11-Hollowglen-92604/unit-48/home/5507100,CRMLS,OC19055185,N,Y,33.6789902,-117.7864995
PAST SALE,May-1-2019,Condo/Co-op,42 Bijou,Irvine,CA,92618,590000,2,2.0,WD - Woodbury,1179,,2009,325,500,294,Sold,,,http://www.redfin.com/CA/Irvine/42-Bijou-92618/home/28932528,CRMLS,OC19069727,N,Y,33.692973,-117.740941
PAST SALE,August-29-2018,Condo/Co-op,133 Carrotwood,Irvine,CA,92618,1040000,4,3.0,GP - Great Park,2395,,2014,570,434,193,Sold,,,http://www.redfin.com/CA/Irvine/133-Carrotwood-92618/home/112721214,CRMLS,OC18082854,N,Y,33.701557,-117.722197
PAST SALE,October-18-2016,Townhouse,11 Oval Rd #1,Irvine,CA,92604,410000,2,2.0,EC - El Camino Real,1057,,1971,1250,388,325,Sold,,,http://www.redfin.com/CA/Irvine/11-Oval-Rd-92604/unit-1/home/5321145,CRMLS,OC16192861,N,Y,33.6936545,-117.7739442
PAST SALE,July-20-2018,Condo/Co-op,114 Capricorn,Irvine,CA,92618,735000,4,3.5,PS - Portola Springs,1908,,2015,610,385,329,Sold,,,http://www.redfin.com/CA/Irvine/114-Capricorn-92618/home/112728789,CRMLS,OC18146981,N,Y,33.7008585,-117.7298646
PAST SALE,,Condo/Co-op,57 Origin,Irvine,CA,92618,662000,2,2.5,,1716,,,,386,,,,,http://www.redfin.com/CA/Irvine/57-Origin-92618/home/112721038,,,N,Y,33.700579,-117.7299066
PAST SALE,July-31-2015,Condo/Co-op,118 Borrego,Irvine,CA,92618,529900,2,2.0,PS - Portola Springs,1371,,2013,1695,387,353,Sold,,,http://www.redfin.com/CA/Irvine/118-Borrego-92618/home/58555794,CRMLS,OC15131775,N,Y,33.6981987,-117.7155561
PAST SALE,March-18-2016,Townhouse,144 Borrego,Irvine,CA,92618,535000,2,2.0,PS - Portola Springs,1371,1371,2014,1464,390,353,Sold,,,http://www.redfin.com/CA/Irvine/144-Borrego-92618/home/105486293,CRMLS,OC15247013,N,Y,33.6980072,-117.7152797
PAST SALE,July-30-2019,Condo/Co-op,62 Full Moon,Irvine,CA,92618,530000,2,2.0,PS - Portola Springs,1239,,2010,235,428,324,Sold,,,http://www.redfin.com/CA/Irvine/62-Full-Moon-92618/home/40102641,CRMLS,OC19037907,N,Y,33.695344,-117.7187228
PAST SALE,June-28-2019,Single Family Residential,2 Pebble,Irvine,CA,92614,910000,3,2.5,WB - Woodbridge,1786,3570,1984,267,510,97,Sold,,,http://www.redfin.com/CA/Irvine/2-Pebble-92614/home/4697781,CRMLS,OC19111737,N,Y,33.6682601,-117.7975973
PAST SALE,June-21-2019,Condo/Co-op,22256 Caminito Danubo #259,Laguna Hills,CA,92653,504800,3,2.0,S2 - Laguna Hills,1460,,1982,274,346,400,Sold,,,http://www.redfin.com/CA/Laguna-Hills/22256-Caminito-Danubo-92653/unit-259/home/5635286,CRMLS,OC19033939,N,Y,33.6255037,-117.741462
PAST SALE,June-25-2014,Single Family Residential,19 Shearwater,Irvine,CA,92604,719100,3,2.0,WB - Woodbridge,1448,4356,1979,2096,497,82,Sold,,,http://www.redfin.com/CA/Irvine/19-Shearwater-92604/home/4691019,CRMLS,OC14090737,N,Y,33.677398,-117.7901616
PAST SALE,September-3-2019,Single Family Residential,74 Royal Victoria,Irvine,CA,92606,745000,3,2.5,WN - Walnut (Irvine),1650,3500,2002,200,452,180,Sold,,,http://www.redfin.com/CA/Irvine/74-Royal-Victoria-92606/home/5918220,CRMLS,OC19161042,N,Y,33.7045437,-117.7999114
PAST SALE,September-23-2018,Condo/Co-op,209 Firefly,Irvine,CA,92618,915000,4,3.0,PS - Portola Springs,1935,,2015,545,473,248,Sold,,,http://www.redfin.com/CA/Irvine/209-Firefly-92618/home/58555823,CRMLS,OC18147877,N,Y,33.6984547,-117.7147972
PAST SALE,September-5-2017,Condo/Co-op,360 Monroe #204,Irvine,CA,92620,630000,3,2.5,NW - Northwood,1368,,1985,928,461,230,Sold,,,http://www.redfin.com/CA/Irvine/360-Monroe-92620/unit-204/home/5322419,CRMLS,OC17189009,N,Y,33.7049794,-117.775058
PAST SALE,January-24-2013,Single Family Residential,33 WATER LILY,Irvine,CA,92606,898500,4,2.5,CG - Columbus Grove,2803,4022,2006,2613,321,160,Sold,,,http://www.redfin.com/CA/Irvine/33-Water-Lily-92606/home/7202287,CRMLS,S712619,N,Y,33.6936511,-117.8177482
PAST SALE,December-30-2015,Single Family Residential,21 Mineral King,Irvine,CA,92602,735000,3,2.5,NK - Northpark,2123,2723,2000,1543,346,325,Sold,,,http://www.redfin.com/CA/Irvine/21-Mineral-King-92602/home/5771000,CRMLS,OC15185213,N,Y,33.732411,-117.772394
PAST SALE,October-1-2019,Condo/Co-op,36 Spring Vly,Irvine,CA,92602,695000,2,2.5,NK - Northpark,1499,,2000,172,464,399,Sold,,,http://www.redfin.com/CA/Irvine/36-Spring-Vly-92602/home/5794461,CRMLS,OC19201507,N,Y,33.7300036,-117.7722422
PAST SALE,August-1-2019,Single Family Residential,16 Upland,Irvine,CA,92602,1185000,4,3.0,NK - Northpark,2639,4163,2001,233,449,189,Sold,,,http://www.redfin.com/CA/Irvine/16-Upland-92602/home/5813423,CRMLS,OC19169096,N,Y,33.7324433,-117.7617781
PAST SALE,July-24-2014,Single Family Residential,6 Camphor S,Irvine,CA,92612,634900,3,2.0,UP - University Park,1392,4792,1974,2067,456,200,Sold,,,http://www.redfin.com/CA/Irvine/6-Camphor-S-92612/home/4711087,CRMLS,OC14124075,N,Y,33.6625066,-117.7993835
PAST SALE,December-21-2016,Condo/Co-op,117 Stepping Stone,Irvine,CA,92603,678800,3,3.0,QH - Quail Hill,1683,,2004,1186,403,368,Sold,,,http://www.redfin.com/CA/Irvine/117-Stepping-Stone-92603/home/5953836,CRMLS,OC16752143,N,Y,33.6519986,-117.7815191
PAST SALE,October-30-2018,Condo/Co-op,166 Hayward,Irvine,CA,92602,675000,2,2.0,NK - Northpark,1609,,2002,508,420,364,Sold,,,http://www.redfin.com/CA/Irvine/166-Hayward-92602/home/5920000,CRMLS,OC18210615,N,Y,33.7367466,-117.7677343
PAST SALE,November-2-2018,Condo/Co-op,513 Rockefeller,Irvine,CA,92612,590000,1,1.5,AA - Airport Area,1426,,2013,505,414,350,Sold,,,http://www.redfin.com/CA/Irvine/513-Rockefeller-92612/home/58556883,CRMLS,OC18229625,N,Y,33.6765293,-117.8490603
PAST SALE,March-24-2014,Condo/Co-op,16 Costero Aisle,Irvine,CA,92614,445000,2,2.0,WP - Westpark,1075,,1988,2189,414,269,Sold,,,http://www.redfin.com/CA/Irvine/16-Costero-Aisle-92614/unit-375/home/5589569,CRMLS,OC14020780,N,Y,33.6824417,-117.8304285
PAST SALE,June-8-2017,Single Family Residential,195 Compass,Irvine,CA,92618,1178888,3,2.5,GP - Great Park,2194,8046,2013,1017,537,173,Sold,,,http://www.redfin.com/CA/IRVINE/195-COMPASS-92618/home/51682739,CRMLS,OC17030979,N,Y,33.696991,-117.729224
PAST SALE,March-8-2018,Condo/Co-op,122 Yellow Pne,Irvine,CA,92618,990000,3,3.0,PS - Portola Springs,2413,,2014,744,410,210,Sold,,,http://www.redfin.com/CA/Irvine/122-Yellow-Pne-92618/home/112721859,CRMLS,OC18008318,N,Y,33.6983475,-117.7136368
PAST SALE,October-15-2015,Condo/Co-op,15559 Jasmine Pl,Tustin,CA,92782,506880,3,2.0,TF - Tustin Field,1217,100,2007,1619,416,380,Sold,,,http://www.redfin.com/CA/Tustin/15559-Jasmine-Pl-92782/home/17469040,CRMLS,OC15143614,N,Y,33.6951414,-117.8094739
PAST SALE,,Townhouse,188 Capricorn,Irvine,CA,92618,591500,,,,,,,,,,,,,http://www.redfin.com/CA/Irvine/188-Capricorn-92618/home/109731744,,,N,Y,33.7002711,-117.7307556
PAST SALE,December-12-2019,Single Family Residential,4632 Kimberwick Cir,Irvine,CA,92604,780000,2,2.0,EC - El Camino Real,1116,5080,1972,100,699,,Sold,,,http://www.redfin.com/CA/Irvine/4632-Kimberwick-Cir-92604/home/4670593,CRMLS,OC19247206,N,Y,33.6968296,-117.7810785
PAST SALE,July-3-2017,Single Family Residential,70 Racing Wind,Irvine,CA,92614,730000,2,2.0,WB - Woodbridge,1208,3024,1980,992,604,158,Sold,,,http://www.redfin.com/CA/Irvine/70-Racing-Wind-92614/home/4695562,CRMLS,OC17126784,N,Y,33.6692691,-117.816466
PAST SALE,June-9-2016,Condo/Co-op,30 Thicket #76,Irvine,CA,92614,440000,2,1.5,WB - Woodbridge,1098,,1982,1381,401,365,Sold,,,http://www.redfin.com/CA/Irvine/30-Thicket-92614/unit-76/home/5642212,CRMLS,OC16050485,N,Y,33.6705025,-117.8117573
PAST SALE,September-21-2018,Townhouse,2 Marigold,Irvine,CA,92614,734458,3,2.5,WB - Woodbridge,1601,,1983,547,459,381,Sold,,,http://www.redfin.com/CA/Irvine/2-Marigold-92614/unit-6/home/5641169,CRMLS,OC18198083,N,Y,33.6679686,-117.8130117
PAST SALE,September-9-2013,Condo/Co-op,48 Wetstone #39,Irvine,CA,92604,625000,3,2.5,WB - Woodbridge,1608,1742,1978,2385,389,406,Sold,,,http://www.redfin.com/CA/Irvine/48-Wetstone-92604/unit-39/home/5497127,CRMLS,OC13152238,N,Y,33.6843701,-117.7987736
PAST SALE,June-29-2018,Condo/Co-op,316 Monroe #173,Irvine,CA,92620,619000,2,2.5,NW - Northwood,1142,,1986,631,542,230,Sold,,,http://www.redfin.com/CA/Irvine/316-Monroe-92620/unit-173/home/5322295,CRMLS,OC18129782,N,Y,33.7049794,-117.775058
PAST SALE,June-2-2017,Condo/Co-op,14 Marbella Aisle,Irvine,CA,92614,480000,2,2.0,WP - Westpark,935,,1989,1023,513,280,Sold,,,http://www.redfin.com/CA/Irvine/14-Marbella-Aisle-92614/unit-7/home/5588298,CRMLS,OC17066512,N,Y,33.6853274,-117.8284151
PAST SALE,October-26-2018,Condo/Co-op,22 Glenhurst #31,Irvine,CA,92604,659000,3,2.5,WB - Woodbridge,1399,,1979,512,471,388,Sold,,,http://www.redfin.com/CA/Irvine/22-Glenhurst-92604/unit-31/home/5516669,CRMLS,OC18224686,N,Y,33.6770188,-117.7833015
PAST SALE,March-11-2013,Condo/Co-op,5151 WALNUT Ave #17,Irvine,CA,92604,395000,2,2.5,EC - El Camino Real,1142,,1982,2567,346,340,Sold,,,http://www.redfin.com/CA/Irvine/5151-Walnut-Ave-92604/unit-17/home/5552626,CRMLS,S723363,N,Y,33.6936567,-117.7717608
PAST SALE,October-30-2017,Townhouse,5151 Walnut Ave #2,Irvine,CA,92604,550000,2,2.5,EC - El Camino Real,1269,1263,1982,873,433,355,Sold,,,http://www.redfin.com/CA/Irvine/5151-Walnut-Ave-92604/unit-2/home/5552659,CRMLS,OC17213928,N,Y,33.6936567,-117.7717608
PAST SALE,May-9-2017,Condo/Co-op,64 Bronze Leaf,Irvine,CA,92620,628750,3,2.5,CV - Cypress Village,1450,,2015,1047,434,325,Sold,,,http://www.redfin.com/CA/Irvine/64-Bronze-Leaf-92620/home/110093641,CRMLS,OC16749024,N,Y,33.6808374,-117.7558577
PAST SALE,January-19-2016,Condo/Co-op,41 Oakfield,Irvine,CA,92620,785000,3,3.0,STG - Stonegate,1685,,2013,1523,466,110,Sold,,,http://www.redfin.com/CA/Irvine/41-Oakfield-92620/home/51684028,CRMLS,OC15265801,N,Y,33.7034025,-117.7389683
PAST SALE,March-26-2019,Single Family Residential,31 Garden Ter,Irvine,CA,92603,2100000,4,3.5,TRG - Turtle Ridge,3010,5804,2004,361,698,468,Sold,,,http://www.redfin.com/CA/Irvine/31-Garden-Ter-92603/home/5901355,CRMLS,OC18263216,N,Y,33.6279159,-117.8232893
PAST SALE,September-28-2019,Townhouse,98 Stanford Ct #49,Irvine,CA,92612,645000,2,1.5,UT - University Town Center,1138,,1984,175,567,380,Sold,,,http://www.redfin.com/CA/Irvine/98-Stanford-Ct-92612/unit-49/home/5679542,CRMLS,OC19194074,N,Y,33.6549036,-117.8408433
PAST SALE,October-31-2017,Condo/Co-op,45 Rocky Knl #35,Irvine,CA,92612,905000,3,2.5,TR - Turtle Rock,2417,,1962,872,374,535,Sold,,,http://www.redfin.com/CA/Irvine/45-Rocky-Knl-92612/unit-35/home/5496987,CRMLS,OC17228922,N,Y,33.6565502,-117.8166993
PAST SALE,May-4-2011,Condo/Co-op,91 LEHIGH AISLE,Irvine,CA,92612,410000,2,2.0,UT - University Town Center,1242,,1988,3244,330,417,Sold,,,http://www.redfin.com/CA/Irvine/91-Lehigh-Aisle-92612/unit-51/home/5680708,CRMLS,S636946,N,Y,33.6538435,-117.8372943
PAST SALE,October-10-2018,Single Family Residential,5 Paine Cir,Irvine,CA,92614,968900,4,2.5,WP - Westpark,2376,7326,1971,528,408,75,Sold,,,http://www.redfin.com/CA/Irvine/5-Paine-Cir-92614/home/4657156,CRMLS,OC18205531,N,Y,33.6733625,-117.8209996
PAST SALE,August-13-2015,Condo/Co-op,7 Havenwood,Irvine,CA,92614,590000,3,2.5,WB - Woodbridge,1520,1000,1980,1682,388,362,Sold,,,http://www.redfin.com/CA/Irvine/7-Havenwood-92614/unit-7/home/5576234,CRMLS,OC15148025,N,Y,33.676161,-117.810413
PAST SALE,July-10-2015,Condo/Co-op,127 Telstar,Irvine,CA,92618,930000,4,3.5,GP - Great Park,2482,4500,2014,1716,375,143,Sold,,,http://www.redfin.com/CA/Irvine/127-Telstar-92618/home/64095516,CRMLS,OC15030250,N,Y,33.7007046,-117.722557
PAST SALE,April-2-2019,Condo/Co-op,33 Silverado,Irvine,CA,92618,555000,2,2.0,PS - Portola Springs,1239,,2010,354,448,324,Sold,,,http://www.redfin.com/CA/Irvine/33-Silverado-92618/home/40102648,CRMLS,OC19034452,N,Y,33.6952509,-117.7182737
PAST SALE,February-3-2020,Condo/Co-op,3905 Orangewood,Irvine,CA,92618,450000,1,1.5,OC - Oak Creek,890,,1979,47,506,267,Sold,,,http://www.redfin.com/CA/Irvine/3905-Orangewood-92618/home/5841243,CRMLS,OC20000523,N,Y,33.6675856,-117.77984
PAST SALE,May-24-2018,Single Family Residential,50 Cedar Tree Ln,Irvine,CA,92612,1050000,4,2.5,UP - University Park,2638,6000,1968,667,398,244,Sold,,,http://www.redfin.com/CA/Irvine/50-Cedar-Tree-Ln-92612/home/4704926,CRMLS,OC18123653,N,Y,33.6595299,-117.8142678
PAST SALE,June-7-2019,Condo/Co-op,5057 Avenida Del Sol,Laguna Woods,CA,92637,865000,3,2.0,LW - Laguna Woods,1592,,1973,288,543,637,Sold,,,http://www.redfin.com/CA/Laguna-Woods/5057-Avenida-Del-Sol-92637/home/5361408,CRMLS,OC19089687,N,Y,33.6177156,-117.7476225
PAST SALE,March-16-2020,Condo/Co-op,45 Rushingwind #31,Irvine,CA,92614,830000,2,2.0,WB - Woodbridge,1496,,1980,5,555,304,Sold,,,http://www.redfin.com/CA/Irvine/45-Rushingwind-92614/unit-31/home/5574842,CRMLS,OC20028626,N,Y,33.6737873,-117.8056302
PAST SALE,,Condo/Co-op,7205 Apricot Dr #7205,Irvine,CA,92618,95000,2,2.0,,916,,1979,,104,,,,,http://www.redfin.com/CA/Irvine/7205-Apricot-Dr-92618/unit-7205/home/5260030,,,N,Y,33.6704725,-117.7761276
PAST SALE,July-18-2012,Condo/Co-op,30 W YALE Loop #15,Irvine,CA,92604,630000,4,2.5,WB - Woodbridge,2156,,1977,2803,292,412,Sold,,,http://www.redfin.com/CA/Irvine/30-W-Yale-Loop-92604/unit-15/home/5469028,CRMLS,S699813,N,Y,33.6875793,-117.7940379
PAST SALE,November-30-2018,Condo/Co-op,905 Reggio Aisle #140,Irvine,CA,92606,651000,3,2.5,WP - Westpark,1345,,1994,477,484,248,Sold,,,http://www.redfin.com/CA/Irvine/905-Reggio-Aisle-92606/unit-140/home/5704327,CRMLS,OC18263436,N,Y,33.6894473,-117.8132988
PAST SALE,August-16-2018,Single Family Residential,107 Lakepines,Irvine,CA,92620,497000,2,1.5,NW - Northwood,1220,828,1977,583,407,370,Sold,,,http://www.redfin.com/CA/Irvine/107-Lakepines-92620/home/4787940,CRMLS,OC18149399,N,Y,33.716091,-117.758007
PAST SALE,February-16-2018,Condo/Co-op,15 Marbella Aisle #81,Irvine,CA,92614,515000,2,2.0,WP - Westpark,917,,1987,764,562,269,Sold,,,http://www.redfin.com/CA/Irvine/15-Marbella-Aisle-92614/unit-81/home/5587629,CRMLS,OC17140938,N,Y,33.6853274,-117.8284151
PAST SALE,December-5-2006,Condo/Co-op,508 MARINELLA AISLE #93,Irvine,CA,92606,450000,2,,WP - Westpark,1140,,1994,4855,395,188,Sold,,,http://www.redfin.com/CA/Irvine/508-Marinella-Aisle-92606/unit-93/home/5703842,CRMLS,S451777,N,Y,33.6898606,-117.8118904
PAST SALE,,Condo/Co-op,509 Marinella Aisle #92,Irvine,CA,92606,220000,2,2.0,,1243,,,,177,,,,,http://www.redfin.com/CA/Irvine/509-Marinella-Aisle-92606/unit-92/home/5703838,,,N,Y,33.6898606,-117.8118904
PAST SALE,October-3-2011,Condo/Co-op,81 RINALDI,Irvine,CA,92620,587500,3,2.5,WD - Woodbury,1580,,2005,3092,372,205,Sold,,,http://www.redfin.com/CA/Irvine/81-Rinaldi-92620/home/7201338,CRMLS,S644541,N,Y,33.7009397,-117.7505087
PAST SALE,October-23-2017,Single Family Residential,4931 Barkwood Ave,Irvine,CA,92604,805000,3,2.0,EC - El Camino Real,1480,5600,1971,880,544,,Sold,,,http://www.redfin.com/CA/Irvine/4931-Barkwood-Ave-92604/home/4667428,CRMLS,OC17205281,N,Y,33.6922251,-117.7789098
PAST SALE,,Single Family Residential,14871 Dusk St,Irvine,CA,92604,139000,3,2.0,,1480,5600,1971,,94,,,,,http://www.redfin.com/CA/Irvine/14871-Dusk-St-92604/home/4667352,,,N,Y,33.6917014,-117.7789098
PAST SALE,,Condo/Co-op,605 MARINELLA AISLE,IRVINE,CA,92606,550000,3,2.5,,1345,,,,409,,,,,http://www.redfin.com/CA/IRVINE/605-MARINELLA-AISLE-92606/home/5703788,,,N,Y,33.69003,-117.811277
PAST SALE,,Single Family Residential,4891 Winvale Ave,Irvine,CA,92604,82500,3,2.0,,1040,4500,1977,,79,,,,,http://www.redfin.com/CA/Irvine/4891-Winvale-Ave-92604/home/4667259,,,N,Y,33.6930267,-117.7790931
PAST SALE,,Single Family Residential,4962 Greencap Ave,Irvine,CA,92604,245000,4,3.0,,1946,5300,1970,,126,,,,,http://www.redfin.com/CA/Irvine/4962-Greencap-Ave-92604/home/4664470,,,N,Y,33.6921793,-117.7783375
PAST SALE,,Condo/Co-op,,Irvine,CA,92606,,2,2.0,,1022,,,,,,Sold,,,http://www.redfin.com/CA/Irvine/Undisclosed-address-92606/home/5703802,CRMLS,,N,Y,33.6897215,-117.8121251
PAST SALE,,Single Family Residential,14802 Doncaster Rd,Irvine,CA,92604,243000,3,2.0,,1480,5600,1970,,164,,,,,http://www.redfin.com/CA/Irvine/14802-Doncaster-Rd-92604/home/4664487,,,N,Y,33.6926627,-117.7783375
PAST SALE,March-29-2017,Single Family Residential,14771 Doncaster Rd,Irvine,CA,92604,830000,4,3.0,EC - El Camino Real,2326,5500,1970,1088,357,,Sold,,,http://www.redfin.com/CA/Irvine/14771-Doncaster-Rd-92604/home/4664438,CRMLS,PW16146591,N,Y,33.693274,-117.7784749
PAST SALE,,Single Family Residential,14621 Lofty St,Irvine,CA,92604,180000,3,2.0,,1040,5700,1970,,173,,,,,http://www.redfin.com/CA/Irvine/14621-Lofty-St-92604/home/4666177,,,N,Y,33.696208,-117.778684
PAST SALE,,Single Family Residential,4972 Greencap Ave,Irvine,CA,92604,212000,4,3.0,,1800,5000,1970,,118,,,,,http://www.redfin.com/CA/Irvine/4972-Greencap-Ave-92604/home/4664472,,,N,Y,33.6920515,-117.7782001
PAST SALE,September-20-2017,Condo/Co-op,72 Canal,Irvine,CA,92620,772888,3,2.5,WD - Woodbury,1691,,2005,913,457,230,Sold,,,http://www.redfin.com/CA/Irvine/72-Canal-92620/home/7216841,CRMLS,OC17188977,N,Y,33.7013496,-117.7506461
PAST SALE,August-10-2010,Condo/Co-op,29 ARBORETUM,Irvine,CA,92620,324900,1,1.5,WD - Woodbury,975,,2005,3511,333,203,Sold,,,http://www.redfin.com/CA/Irvine/29-Arboretum-92620/home/7211928,CRMLS,S614537,N,Y,33.699604,-117.7463856
PAST SALE,December-28-2015,Single Family Residential,14881 Dusk St,Irvine,CA,92604,810000,4,3.0,EC - El Camino Real,2326,5000,1971,1545,348,,Sold,,,http://www.redfin.com/CA/Irvine/14881-Dusk-St-92604/home/4667353,CRMLS,PW15161114,N,Y,33.6915582,-117.7790015
PAST SALE,February-10-2011,Single Family Residential,4871 LINDSTROM Ave,Irvine,CA,92604,540000,3,2.0,EC - El Camino Real,1653,5550,1970,3327,327,,Sold,,,http://www.redfin.com/CA/Irvine/4871-Lindstrom-Ave-92604/home/4665476,CRMLS,P726272,N,Y,33.6939438,-117.778635
PAST SALE,June-9-2013,Single Family Residential,6 Santa Victoria Aisle,Irvine,CA,92606,800000,4,2.5,WP - Westpark,1963,4526,1997,2477,408,155,Sold,,,http://www.redfin.com/CA/Irvine/6-Santa-Victoria-Aisle-92606/home/4627858,CRMLS,OC13086991,N,Y,33.6893804,-117.8105885
PAST SALE,,Single Family Residential,4882 Winvale Ave,Irvine,CA,92604,231000,4,2.0,,1200,6600,1971,,193,,,,,http://www.redfin.com/CA/Irvine/4882-Winvale-Ave-92604/home/4667256,,,N,Y,33.6928681,-117.7794137
PAST SALE,December-28-2018,Single Family Residential,115 Allenford,Irvine,CA,92620,1470939,4,4.5,699 - Not Defined,2852,3636,2018,449,516,135,Sold,,,http://www.redfin.com/CA/Irvine/115-Allenford-92620/home/146650484,CRMLS,EV18192862,N,Y,33.7175736,-117.7418422
PAST SALE,July-10-2017,Single Family Residential,22 Santa Catalina Aisle,Irvine,CA,92606,1066000,4,3.0,WP - Westpark,2475,3696,1997,985,431,161,Sold,,,http://www.redfin.com/CA/Irvine/22-Santa-Catalina-Aisle-92606/home/4627843,CRMLS,OC17110602,N,Y,33.68827,-117.8077033
PAST SALE,December-1-2011,Condo/Co-op,186 WILD LILAC,Irvine,CA,92620,460000,3,2.5,WD - Woodbury,1737,,2005,3033,265,275,Sold,,,http://www.redfin.com/CA/Irvine/186-Wild-Lilac-92620/home/7211716,CRMLS,S672094,N,Y,33.6996268,-117.7483558
PAST SALE,January-31-2011,Single Family Residential,,Irvine,CA,92620,1287000,5,3.0,NW - Northwood,3500,9000,2000,3337,368,165,Sold,,,http://www.redfin.com/CA/Irvine/Undisclosed-address-92620/home/5770195,CRMLS,S636716,N,Y,33.7210645,-117.7437055
PAST SALE,,Single Family Residential,51 Bainbridge,Irvine,CA,92620,1528000,4,4.5,,3458,4312,,,442,,,,,http://www.redfin.com/CA/Irvine/51-Bainbridge-92620/home/58556221,,,N,Y,33.7137345,-117.7429496
PAST SALE,July-25-2006,Single Family Residential,33 SANTA CRUZ AISLE,Irvine,CA,92606,825000,4,,WP - Westpark,1863,,1997,4988,443,122,Sold,,,http://www.redfin.com/CA/Irvine/33-Santa-Cruz-Aisle-92606/home/4627939,CRMLS,S445747,N,Y,33.6882723,-117.8091497
PAST SALE,January-17-2018,Single Family Residential,55 Walden,Irvine,CA,92620,1489450,4,4.5,PS - Portola Springs,3259,4400,2017,794,457,113,Sold,,,http://www.redfin.com/CA/Irvine/55-Walden-92620/home/143579177,CRMLS,OC17202841,N,Y,33.713489,-117.742384
PAST SALE,August-9-2019,Single Family Residential,12 Heather,Irvine,CA,92620,1400000,5,3.5,NW - Northwood,3254,6168,2000,225,430,171,Sold,,,http://www.redfin.com/CA/Irvine/12-Heather-92620/home/5770208,CRMLS,OC19037196,N,Y,33.7215821,-117.7433161
PAST SALE,,Single Family Residential,18 Santa Victoria Aisle,Irvine,CA,92606,422000,4,3.0,,1871,3918,,,226,,,,,http://www.redfin.com/CA/Irvine/18-Santa-Victoria-Aisle-92606/home/4627869,,,N,Y,33.6886639,-117.8102222
PAST SALE,October-31-2011,Condo/Co-op,181 WILD LILAC,Irvine,CA,92620,405000,2,2.5,WD - Woodbury,1357,,2006,3064,298,270,Sold,,,http://www.redfin.com/CA/Irvine/181-Wild-Lilac-92620/home/12253571,CRMLS,S627879,N,Y,33.6998381,-117.7489198
PAST SALE,February-3-2009,Condo/Co-op,116 RINALDI,Irvine,CA,92620,700000,4,2.75,WD - Woodbury,2100,,2005,4064,333,281,Sold,,,http://www.redfin.com/CA/Irvine/116-Rinaldi-92620/home/7218998,CRMLS,S557728,N,Y,33.6989534,-117.7484013
PAST SALE,,Single Family Residential,10 Wadsworth,Irvine,CA,92620,160000,3,2.5,,1913,3520,,,84,,,,,http://www.redfin.com/CA/Irvine/10-Wadsworth-92620/home/4783902,,,N,Y,33.7005623,-117.7694738
PAST SALE,December-19-2017,Single Family Residential,56 Dublin,Irvine,CA,92618,1388000,4,4.75,STG - Stonegate,3260,4176,2017,823,426,110,Sold,,,http://www.redfin.com/CA/Irvine/56-Dublin-92620/home/58556209,CRMLS,AR17252560,N,Y,33.7141362,-117.7421249
PAST SALE,May-13-2016,Single Family Residential,2 Arborwood,Irvine,CA,92620,2000000,5,5.75,NW - Northwood,3700,13730,2000,1408,541,155,Sold,,,http://www.redfin.com/CA/Irvine/2-Arborwood-92620/home/5770253,CRMLS,OC15062652,N,Y,33.7204004,-117.7417126
PAST SALE,October-14-2015,Townhouse,607 Marinella Aisle,Irvine,CA,92606,585000,3,2.5,WP - Westpark,1350,,1995,1620,433,236,Sold,,,http://www.redfin.com/CA/Irvine/607-Marinella-Aisle-92606/home/5703776,CRMLS,TR15182783,N,Y,33.6899261,-117.812006
PAST SALE,August-23-2010,Single Family Residential,7 HEATHER,Irvine,CA,92620,1194000,5,3.5,NW - Northwood,3300,,2000,3498,362,165,Sold,,,http://www.redfin.com/CA/Irvine/7-Heather-92620/home/5770185,CRMLS,P730830,N,Y,33.7215361,-117.7440033
PAST SALE,December-16-2015,Single Family Residential,12 Photinia,Irvine,CA,92620,1650000,5,3.5,NW - Northwood,3500,7144,2000,1557,471,165,Sold,,,http://www.redfin.com/CA/Irvine/12-Photina-92620/home/5770161,CRMLS,OC15134594,N,Y,33.7218541,-117.7441865
PAST SALE,,Single Family Residential,20 Santa Victoria Aisle,Irvine,CA,92606,287500,4,3.0,,1871,2640,1997,,154,,,,,http://www.redfin.com/CA/Irvine/20-Santa-Victoria-Aisle-92606/home/4627872,,,N,Y,33.6884149,-117.8101309
PAST SALE,November-2-2009,Condo/Co-op,132 PANTHEON,Irvine,CA,92620,460000,2,2.0,WD - Woodbury,1569,,2006,3792,293,276,Sold,,,http://www.redfin.com/CA/Irvine/132-Pantheon-92620/home/7211031,CRMLS,S587606,N,Y,33.6998604,-117.7520085
PAST SALE,May-17-2019,Single Family Residential,110 Paxton,Irvine,CA,92620,1649583,4,3.75,EASTW - Eastwood,3541,4766,2019,309,466,135,Sold,,,http://www.redfin.com/CA/Irvine/110-Paxton-92620/home/160962072,CRMLS,OC19046477,N,Y,33.719328,-117.743718
PAST SALE,,Single Family Residential,54 Dublin,Irvine,CA,92620,1511500,4,4.5,,3458,4176,,,437,,,,,http://www.redfin.com/CA/Irvine/54-Dublin-92620/home/58556210,,,N,Y,33.714234,-117.742216
PAST SALE,November-10-2015,Condo/Co-op,2902 Ladrillo Aisle,Irvine,CA,92606,480000,2,2.0,WP - Westpark,1222,,1998,1593,393,292,Sold,,,http://www.redfin.com/CA/Irvine/2902-Ladrillo-Aisle-92606/home/5703559,CRMLS,OC15195815,N,Y,33.688454,-117.811579
PAST SALE,February-27-2018,Single Family Residential,15 Photinia,Irvine,CA,92620,1575000,5,3.5,NW - Northwood,3600,5650,2000,753,438,155,Sold,,,http://www.redfin.com/CA/Irvine/15-Photina-92620/home/5770116,CRMLS,OC17211789,N,Y,33.7223333,-117.7443698
PAST SALE,October-1-2013,Single Family Residential,28 Gables,Irvine,CA,92620,962249,3,2.5,WD - Woodbury,2156,3237,2010,2363,446,110,Sold,,,http://www.redfin.com/CA/Irvine/28-Gables-92620/home/28931308,CRMLS,OC13147671,N,Y,33.6986664,-117.7577405
PAST SALE,,Single Family Residential,12 Santa Victoria Aisle,Irvine,CA,92606,263000,4,3.0,,1871,3975,,,141,,,,,http://www.redfin.com/CA/Irvine/12-Santa-Victoria-Aisle-92606/home/4627861,,,N,Y,33.6888902,-117.8104512
PAST SALE,July-11-2011,Condo/Co-op,23 COSTA BRAVA,Irvine,CA,92620,410000,2,2.5,WD - Woodbury,1205,,2006,3176,340,203,Sold,,,http://www.redfin.com/CA/Irvine/23-Costa-Brava-92620/home/12255201,CRMLS,S655881,N,Y,33.6997812,-117.746144
PAST SALE,June-15-2010,Condo/Co-op,109 LAMPLIGHTER,Irvine,CA,92620,732000,3,3.0,WD - Woodbury,1964,,2005,3567,373,263,Sold,,,http://www.redfin.com/CA/Irvine/109-Lamplighter-92620/home/7210956,CRMLS,S606714,N,Y,33.6987968,-117.7492932
PAST SALE,March-16-2016,Single Family Residential,21 Fanpalm,Irvine,CA,92620,1150000,4,3.0,WD - Woodbury,2387,4400,2010,1466,482,110,Sold,,,http://www.redfin.com/CA/Irvine/21-Fanpalm-92620/home/28931850,CRMLS,OC16013767,N,Y,33.7010639,-117.7557114
PAST SALE,May-24-2018,Condo/Co-op,108 Evening Sun,Irvine,CA,92620,827000,3,3.0,CV - Cypress Village,1619,,2015,667,511,331,Sold,,,http://www.redfin.com/CA/Irvine/108-Evening-Sun-92618/home/112722190,CRMLS,PW18087537,N,Y,33.6808211,-117.7562207
PAST SALE,November-28-2017,Single Family Residential,14 Santa Luzia Aisle,Irvine,CA,92606,950000,4,3.0,WP - Westpark,2004,3276,1996,844,474,157,Sold,,,http://www.redfin.com/CA/Irvine/14-Santa-Luzia-Aisle-92606/home/4627692,CRMLS,OC17218099,N,Y,33.6886898,-117.809123
PAST SALE,December-27-2017,Condo/Co-op,73 Jade Flower,Irvine,CA,92620,838888,3,3.5,CV - Cypress Village,1888,,2015,815,444,331,Sold,,,http://www.redfin.com/CA/Irvine/73-Jade-Flower-92620/home/112722742,CRMLS,PW17255554,N,Y,33.6810047,-117.7572576
PAST SALE,May-1-2017,Condo/Co-op,54 Tallowood,Irvine,CA,92620,583000,2,2.5,CV - Cypress Village,1200,1500,2015,1055,486,321,Sold,,,http://www.redfin.com/CA/Irvine/54-Tallowood-92618/home/112722657,CRMLS,OC16723648,N,Y,33.6820471,-117.7561595
PAST SALE,,Condo/Co-op,704 Marinella Aisle #4119,Irvine,CA,92606,485000,2,2.0,,1037,,1995,,468,,,,,http://www.redfin.com/CA/Irvine/704-Marinella-Aisle-92606/unit-4119/home/5703911,,,N,Y,33.6895269,-117.8117548
PAST SALE,August-30-2016,Townhouse,212 Wild Lilac,Irvine,CA,92620,720000,3,2.5,WD - Woodbury,1987,2400,2005,1299,362,280,Sold,,,http://www.redfin.com/CA/Irvine/212-Wild-Lilac-92620/home/7211720,CRMLS,OC16144579,N,Y,33.7003905,-117.7476943
PAST SALE,October-10-2017,Condo/Co-op,54 Bronze Leaf,Irvine,CA,92620,550000,2,2.25,CV - Cypress Village,1171,,2015,893,470,331,Sold,,,http://www.redfin.com/CA/Irvine/54-Bronze-Leaf-92620/home/112722672,CRMLS,OC17174556,N,Y,33.6810668,-117.7559515
PAST SALE,May-26-2017,Single Family Residential,49 Midnight Sky,Irvine,CA,92620,1048000,5,3.0,WD - Woodbury,2339,3666,2006,1030,448,120,Sold,,,http://www.redfin.com/CA/Irvine/49-Midnight-Sky-92620/home/5959384,CRMLS,OC17042666,N,Y,33.6930286,-117.755044
PAST SALE,,Condo/Co-op,609 MARINELLA AISLE,Irvine,CA,92606,,2,2.0,,1243,,,,,,Sold,,,http://www.redfin.com/CA/Irvine/609-Marinella-Aisle-92606/home/5703765,CRMLS,,N,Y,33.6899007,-117.8119155
PAST SALE,July-22-2019,Condo/Co-op,50 Plum Feather,Irvine,CA,92620,965000,3,2.5,CV - Cypress Village,2052,,2015,243,470,135,Sold,,,http://www.redfin.com/CA/Irvine/50-Plum-Feather-92620/home/112719248,CRMLS,OC19057149,N,Y,33.6822016,-117.7584748
PAST SALE,July-22-2019,Single Family Residential,67 Thornapple,Irvine,CA,92620,1380000,5,4.5,CV - Cypress Village,3000,4000,2014,243,460,135,Sold,,,http://www.redfin.com/CA/Irvine/67-Thornapple-92620/home/58552647,CRMLS,OC19063439,N,Y,33.6849595,-117.7559144
PAST SALE,,Single Family Residential,8 Santa Monica Aisle,Irvine,CA,92606,529000,4,2.5,,1867,3096,1996,,283,,,,,http://www.redfin.com/CA/Irvine/8-Santa-Monica-Aisle-92606/home/4627710,,,N,Y,33.6891491,-117.8097184
PAST SALE,March-14-2007,Townhouse,181 GROVELAND,Irvine,CA,92620,575000,2,,WD - Woodbury,1355,,2005,4756,424,270,Sold,,,http://www.redfin.com/CA/Irvine/181-Groveland-92620/home/7211708,CRMLS,S472281,N,Y,33.6993614,-117.748093
PAST SALE,September-16-2013,Condo/Co-op,70 Townsend,Irvine,CA,92620,790000,3,3.5,WD - Woodbury,2165,,2005,2378,365,290,Sold,,,http://www.redfin.com/CA/Irvine/70-Townsend-92620/home/7218987,CRMLS,OC13158171,N,Y,33.7024355,-117.7493504
PAST SALE,,Single Family Residential,16 Appomattox,Irvine,CA,92620,139500,3,2.5,,1350,2992,1985,,103,,,,,http://www.redfin.com/CA/Irvine/16-Appomattox-92620/home/4783440,,,N,Y,33.7016082,-117.7699777
PAST SALE,September-13-2017,Single Family Residential,6 Waynesboro,Irvine,CA,92620,800000,3,2.5,NW - Northwood,1703,3520,1985,920,470,76,Sold,,,http://www.redfin.com/CA/Irvine/6-Waynesboro-92620/home/4783971,CRMLS,PW17171758,N,Y,33.7011077,-117.7707106
PAST SALE,July-12-2019,Single Family Residential,81 Cactus Flower,Irvine,CA,92620,960000,3,2.5,CV - Cypress Village,2016,2500,2013,253,476,135,Sold,,,http://www.redfin.com/CA/Irvine/81-Cactus-Flower-92620/home/58556683,CRMLS,PW19131605,N,Y,33.6908578,-117.7570138
PAST SALE,July-11-2019,Single Family Residential,21 Cassidy,Irvine,CA,92620,1475000,4,4.0,WD - Woodbury,3122,4085,2010,254,472,125,Sold,,,http://www.redfin.com/CA/Irvine/21-Cassidy-92620/home/28931876,CRMLS,PW19144139,N,Y,33.7004959,-117.756378
PAST SALE,March-16-2016,Condo/Co-op,3104 Ladrillo Aisle,Irvine,CA,92606,362000,1,1.0,WP - Westpark,806,,1998,1466,449,292,Sold,,,http://www.redfin.com/CA/Irvine/3104-Ladrillo-Aisle-92606/home/5703465,CRMLS,OC16031536,N,Y,33.6883444,-117.8111186
PAST SALE,June-26-2019,Single Family Residential,35 Sanctuary,Irvine,CA,92620,1305000,4,3.5,WD - Woodbury,2695,4980,2006,269,484,125,Sold,,,http://www.redfin.com/CA/Irvine/35-Sanctuary-92620/home/5959274,CRMLS,PW19111731,N,Y,33.6942012,-117.7567275
PAST SALE,June-19-2019,Single Family Residential,48 Waterspout,Irvine,CA,92620,1190000,4,2.75,WD - Woodbury,2197,4030,2005,276,542,125,Sold,,,http://www.redfin.com/CA/Irvine/48-Waterspout-92620/home/5959225,CRMLS,OC19105388,N,Y,33.6936538,-117.7554563
PAST SALE,,Single Family Residential,5 Santa Luzia Aisle,Irvine,CA,92606,257000,4,2.5,,2013,3150,,,128,,,,,http://www.redfin.com/CA/Irvine/5-Santa-Luzia-Aisle-92606/home/4627706,,,N,Y,33.6891389,-117.8095123
PAST SALE,January-14-2011,Condo/Co-op,187 SANCTUARY,Irvine,CA,92620,700000,4,2.5,WD - Woodbury,2065,,2004,3354,339,203,Sold,,,http://www.redfin.com/CA/Irvine/187-Sanctuary-92620/home/7216846,CRMLS,S621359,N,Y,33.7009206,-117.750042
PAST SALE,June-11-2018,Condo/Co-op,70 Cherry Tree,Irvine,CA,92620,988000,3,2.5,CV - Cypress Village,1948,2021,2014,649,507,135,Sold,,,http://www.redfin.com/CA/Irvine/70-Cherry-Tree-92620/home/58556664,CRMLS,OC18079019,N,Y,33.6898934,-117.7573345
PAST SALE,,Condo/Co-op,112 Evening Sun,Irvine,CA,92620,750000,3,3.5,,1873,,,,400,,,,,http://www.redfin.com/CA/Irvine/112-Evening-Sun-92620/home/105491081,,,N,Y,33.680422,-117.756278
PAST SALE,,Single Family Residential,12 SANTA LUZIA AISLE,Irvine,CA,92714,,4,2.5,,1867,3276,,,,,Sold,,,http://www.redfin.com/CA/Irvine/12-Santa-Luzia-Aisle-92606/home/4627689,CRMLS,,N,Y,33.6887927,-117.8090314
PAST SALE,April-8-2019,Single Family Residential,54 Rising Sun,Irvine,CA,92620,955000,3,2.5,WD - Woodbury,1785,3666,2005,348,535,125,Sold,,,http://www.redfin.com/CA/Irvine/54-Rising-Sun-92620/home/5958971,CRMLS,PW19052456,N,Y,33.6943207,-117.7553647
PAST SALE,August-22-2018,Single Family Residential,25 Cassidy,Irvine,CA,92620,1245000,4,4.0,WD - Woodbury,2708,4455,2010,577,460,120,Sold,,,http://www.redfin.com/CA/Irvine/25-Cassidy-92620/home/28931878,CRMLS,OC18143556,N,Y,33.7003561,-117.7561079
PAST SALE,,Condo/Co-op,608 Marinella Aisle,Irvine,CA,92606,155000,2,2.0,,1037,,,,149,,,,,http://www.redfin.com/CA/Irvine/608-Marinella-Aisle-92606/home/5703768,,,N,Y,33.6899528,-117.811947
PAST SALE,October-6-2017,Condo/Co-op,179 Rhapsody,Irvine,CA,92620,800000,3,2.5,WD - Woodbury,1691,,2005,897,473,230,Sold,,,http://www.redfin.com/CA/Irvine/179-Rhapsody-92620/home/7219039,CRMLS,OC17189572,N,Y,33.7015927,-117.7514045
PAST SALE,June-19-2013,Condo/Co-op,54 Chantilly,Irvine,CA,92620,590000,3,2.25,WD - Woodbury,1300,,2005,2467,454,203,Sold,,,http://www.redfin.com/CA/Irvine/54-Chantilly-92620/home/7210082,CRMLS,PW13075610,N,Y,33.7021379,-117.750114
PAST SALE,March-14-2018,Condo/Co-op,64 Concierto,Irvine,CA,92620,678000,2,2.0,WD - Woodbury,1570,1570,2005,738,432,338,Sold,,,http://www.redfin.com/CA/Irvine/64-Concierto-92620/home/7210799,CRMLS,OC18031224,N,Y,33.6972849,-117.7546997
PAST SALE,December-4-2017,Condo/Co-op,54 Vintage,Irvine,CA,92620,672000,3,3.0,WD - Woodbury,1614,1700,2005,838,416,301,Sold,,,http://www.redfin.com/CA/Irvine/54-Vintage-92620/home/7214632,CRMLS,OC17217500,N,Y,33.6977216,-117.7554976
PAST SALE,,Single Family Residential,22 Santa Victoria Aisle,Irvine,CA,92606,425000,4,2.5,,1867,3150,,,228,,,,,http://www.redfin.com/CA/Irvine/22-Santa-Victoria-Aisle-92606/home/4627874,,,N,Y,33.6882358,-117.8100393
PAST SALE,June-12-2017,Condo/Co-op,50 Tulip,Irvine,CA,92620,810000,3,3.5,CV - Cypress Village,1873,,2014,1013,432,346,Sold,,,http://www.redfin.com/CA/Irvine/50-Tulip-92620/home/112722243,CRMLS,PW17069969,N,Y,33.6812169,-117.7586488
PAST SALE,January-12-2015,Condo/Co-op,52 Vintage,Irvine,CA,92620,549900,3,3.0,WD - Woodbury,1614,,2005,1895,341,290,Sold,,,http://www.redfin.com/CA/Irvine/52-Vintage-92620/unit-106/home/7214630,CRMLS,NP14201943,N,Y,33.6976705,-117.7555381
PAST SALE,,Single Family Residential,9 Santa Catalina Aisle,Irvine,CA,92606,238500,4,2.5,,1867,3168,,,128,,,,,http://www.redfin.com/CA/Irvine/9-Santa-Catalina-Aisle-92606/home/4627812,,,N,Y,33.6887045,-117.8080697
PAST SALE,April-1-2015,Condo/Co-op,20 Arboretum,Irvine,CA,92620,498000,2,2.0,WD - Woodbury,1165,1000,2010,1816,427,300,Sold,,,http://www.redfin.com/CA/Irvine/20-Arboretum-92620/home/40103503,CRMLS,OC15022948,N,Y,33.6990705,-117.7464668
PAST SALE,August-10-2017,Single Family Residential,26 Sanctuary,Irvine,CA,92620,1650000,5,5.5,WD - Woodbury,3648,5842,2006,954,452,120,Sold,,,http://www.redfin.com/CA/Irvine/26-Sanctuary-92620/home/5959294,CRMLS,OC17116310,N,Y,33.6935437,-117.756739
PAST SALE,September-23-2011,Condo/Co-op,51 CONCIERTO,Irvine,CA,92620,559000,3,2.5,WD - Woodbury,1960,,2005,3102,285,300,Sold,,,http://www.redfin.com/CA/Irvine/51-Concierto-92620/home/7210862,CRMLS,S668027,N,Y,33.6978391,-117.7548592
PAST SALE,October-20-2014,Condo/Co-op,3100 Ladrillo Aisle,Irvine,CA,92606,442500,2,2.0,WP - Westpark,1050,1050,1998,1979,421,292,Sold,,,http://www.redfin.com/CA/Irvine/3100-Ladrillo-Aisle-92606/home/5703482,CRMLS,PW14201231,N,Y,33.6882668,-117.8113477
PAST SALE,,Condo/Co-op,45 Regal,Irvine,CA,92620,595000,2,3.0,,1614,,,,369,,,,,http://www.redfin.com/CA/Irvine/45-Regal-92620/home/7214634,,,N,Y,33.6972545,-117.7554746
PAST SALE,February-25-2009,Condo/Co-op,41 CONCIERTO,Irvine,CA,92620,580000,3,3.0,WD - Woodbury,2100,,2005,4042,276,271,Sold,,,http://www.redfin.com/CA/Irvine/41-Concierto-92620/home/7218981,CRMLS,S562379,N,Y,33.6981303,-117.7552679
PAST SALE,June-22-2009,Single Family Residential,18 SANTA CATALINA AISLE,Irvine,CA,92606,682000,4,2.5,WP - Westpark,1850,3040,1996,3925,369,237,Sold,,,http://www.redfin.com/CA/Irvine/18-Santa-Catalina-Aisle-92606/home/4627838,CRMLS,S565706,N,Y,33.6884714,-117.8077033
PAST SALE,August-30-2013,Condo/Co-op,182 Guinevere,Irvine,CA,92620,674000,3,2.5,WD - Woodbury,1750,,2006,2395,385,206,Sold,,,http://www.redfin.com/CA/Irvine/182-Guinevere-92620/home/12257884,CRMLS,OC13145480,N,Y,33.7000948,-117.7490965
PAST SALE,,Single Family Residential,32 Shepard,Irvine,CA,92620,1480000,5,5.5,,4606,6600,,,321,,,,,http://www.redfin.com/CA/Irvine/32-Shepard-92620/home/5958364,,,N,Y,33.7026954,-117.7525702
PAST SALE,,Single Family Residential,16 Antietam,Irvine,CA,92620,255500,3,2.5,,1350,3520,1985,,189,,,,,http://www.redfin.com/CA/Irvine/16-Antietam-92620/home/4783382,,,N,Y,33.7021821,-117.7725887
PAST SALE,June-20-2017,Condo/Co-op,88 Plum Feather,Irvine,CA,92620,840000,2,2.5,CV - Cypress Village,1704,,2015,1005,493,135,Sold,,,http://www.redfin.com/CA/Irvine/88-Plum-Feather-92618/home/112728042,CRMLS,NP17101642,N,Y,33.6829332,-117.7580739
PAST SALE,July-27-2009,Condo/Co-op,53 CONCIERTO,Irvine,CA,92620,580000,3,2.75,WD - Woodbury,2026,,2005,3890,286,271,Sold,,,http://www.redfin.com/CA/Irvine/53-Concierto-92620/home/7210846,CRMLS,S559796,N,Y,33.697752,-117.7547389
PAST SALE,January-2-2015,Single Family Residential,6 Santa Monica Aisle,Irvine,CA,92606,860800,4,2.75,WP - Westpark,2004,3400,1994,1905,430,156,Sold,,,http://www.redfin.com/CA/Irvine/6-Santa-Monica-Aisle-92606/home/4627708,CRMLS,PW14237710,N,Y,33.68927,-117.8097184
PAST SALE,,Condo/Co-op,113 Tallowood,Irvine,CA,92618,578000,2,2.5,,1171,,,,494,,,,,http://www.redfin.com/CA/Irvine/113-Tallowood-92618/home/143217700,,,N,Y,33.682297,-117.7558864
PAST SALE,January-23-2018,Condo/Co-op,64 Tallowood,Irvine,CA,92620,750000,3,3.0,CV - Cypress Village,1542,,2015,788,486,331,Sold,,,http://www.redfin.com/CA/Irvine/64-Tallowood-92620/home/112722782,CRMLS,OC17242555,N,Y,33.6814198,-117.7563253
PAST SALE,,Single Family Residential,2 Santa Cruz Aisle,Irvine,CA,92606,333000,3,2.5,,1673,3000,1996,,199,,,,,http://www.redfin.com/CA/Irvine/2-Santa-Cruz-Aisle-92606/home/4627784,,,N,Y,33.6892084,-117.8084819
PAST SALE,October-2-2015,Condo/Co-op,192 Wild Lilac,Irvine,CA,92620,630000,3,3.0,WD - Woodbury,1878,1900,2005,1632,335,270,Sold,,,http://www.redfin.com/CA/Irvine/192-Wild-Lilac-92620/home/7219214,CRMLS,OC15096463,N,Y,33.7002599,-117.748915
PAST SALE,October-29-2013,Single Family Residential,22 Sanctuary,Irvine,CA,92620,1485000,5,4.0,WD - Woodbury,3531,7161,2006,2335,421,110,Sold,,,http://www.redfin.com/CA/Irvine/22-Sanctuary-92620/home/5959290,CRMLS,OC13089391,N,Y,33.6932463,-117.756968
PAST SALE,May-20-2010,Single Family Residential,55 RISING SUN,Irvine,CA,92620,895000,5,3.0,WD - Woodbury,2303,3580,2005,3593,389,105,Sold,,,http://www.redfin.com/CA/Irvine/55-Rising-Sun-92620/home/5958952,CRMLS,U10001699,N,Y,33.6946293,-117.7550898
PAST SALE,October-23-2009,Single Family Residential,14 Santa Victoria Aisle,Irvine,CA,92606,671000,3,2.5,WP - Westpark,1800,3120,1997,3802,373,151,Sold,,,http://www.redfin.com/CA/Irvine/14-Santa-Victoria-Aisle-92606/home/4627864,CRMLS,K09100223,N,Y,33.6888319,-117.8103596
PAST SALE,July-2-2009,Condo/Co-op,56 CONCIERTO,Irvine,CA,92620,481000,3,3.0,WD - Woodbury,1552,,2006,3915,310,256,Sold,,,http://www.redfin.com/CA/Irvine/56-Concierto-92620/home/7218970,CRMLS,S546272,N,Y,33.6973654,-117.7552012
PAST SALE,,Unknown,64 Tallowood,Irvine,CA,92618,639000,,,,,,,,,,,,,http://www.redfin.com/CA/Irvine/64-Tallowood-92618/home/103690364,,,N,Y,33.6814198,-117.7563253
PAST SALE,,Single Family Residential,8 Santa Catalina Aisle,Irvine,CA,92606,244500,3,2.5,,1673,3752,,,146,,,,,http://www.redfin.com/CA/Irvine/8-Santa-Catalina-Aisle-92606/home/4627830,,,N,Y,33.6889161,-117.8075814
PAST SALE,June-29-2012,Condo/Co-op,72 CHANTILLY,Irvine,CA,92620,405000,3,2.5,WD - Woodbury,1275,,2005,2822,318,199,Sold,,,http://www.redfin.com/CA/Irvine/72-Chantilly-92620/home/7210088,CRMLS,P815693,N,Y,33.701843,-117.7494979
PAST SALE,,Unknown,80 Lamplighter,Irvine,CA,92620,620000,,,,,,,,,,,,,http://www.redfin.com/CA/Irvine/80-Lamplighter-92620/home/28513775,,,N,Y,33.6996739,-117.7512751
